study_type,condition,case_id,status,error_message,boundary_case_index,current_A,current_density_command_A_cm2,egr_band,egr_fraction_cmd,ambient_supply_p_kPa_g,ambient_supply_T_C,ambient_supply_RH,ambient_supply_wO2,ambient_supply_wN2,ambient_supply_wH2O,historical_stack_in_flow_kg_s,historical_stack_in_flow_SLPM,stack_in_flow_recomputed_kg_s,stack_in_flow_recomputed_SLPM,lambdaO2_initial,lambdaO2_target_error,separator_iter_count,separator_iter_converged,separator_T_initial_C,separator_T_final_C,separator_T_sim_C,separator_p_kPa_g,V_cell_sim,pO2_stack_kPa,p_stack_internal_kPa_abs,pH2_stack_kPa,pAn_stack_kPa_abs,lambda_m,T_stack_C,stack_out_T_sim_C,xO2_ca_in,pO2_ca_in_kPa,RH_ca_in,lambda_O2_actual,m_stack_in_kg_s,m_egr_return_kg_s,m_bench_out_kg_s,liquid_drain_separator_kg_s,condensed_separator_kg_s,separator_out_RH,m_separator_gas_kg_s,maxGasRes_kg_s,Qnet_W,Qgen_W,Qcool_W,Qamb_W,Qgas_W,gas_residual_ok,flow_fixed_ok,humidity_ok,oxygen_starvation_risk,oxygen_ok,pressure_order_ok,separator_ok,normal_operation_ok,risk_label
custom_inlet_fixed_total_flow,ambient50RH_fixed_total_flow,initial_noegr_01,ok,,1,38,0.1,low,0,0,25,0.5,0.230092198318883,0.760085992131562,0.00982180954955525,0.001071035,49.7,0.00100615312910047,46.689240329488,4.59262356283096,-8.88178419700125e-16,2,1,56,58.8864486474179,58.8864486474179,32.5,0.789416990161826,21.4148541274666,136.993220463148,135.397550498054,146.74940122588,4.43915975269199,58.8932243237089,58.8864486474179,0.20622436550273,29.1446584546734,0.116598226368712,4.59262356283096,0.00100615312910047,0,0.00100434291873369,0,0,0,0,1.0842021724855e-18,-2.33883859935073,282.46646998161,-20.2194311649151,305.039028268735,-0.0142885228591299,1,1,1,0,1,1,1,1,ok
custom_inlet_fixed_total_flow,ambient50RH_fixed_total_flow,initial_noegr_01,ok,,1,38,0.1,low,0.05,0,25,0.5,0.230092198318883,0.760085992131562,0.00982180954955525,0.001071035,49.7,0.00100615312910047,46.689240329488,4.59262356283096,-0.0520345563520817,2,1,56,58.8864842117596,58.8864842117596,32.5,0.789390795724661,21.0902714254807,136.991091016549,135.055442307578,146.78015059577,4.66472376844732,58.8932421058798,58.8864842117596,0.203530157948371,28.7638995720535,0.146116529865065,4.54058900647888,0.00100615312910047,5.01833935948652e-05,0.000953484478302438,0,0,0.653119434603125,5.01833935948652e-05,3.25260651745651e-19,-2.3232522073045,282.482396199406,-20.2192983849973,305.039188245927,-0.0142414542192495,1,1,1,0,1,1,1,1,ok
custom_inlet_fixed_total_flow,ambient50RH_fixed_total_flow,initial_noegr_01,ok,,1,38,0.1,low,0.1,0,25,0.5,0.230092198318883,0.760085992131562,0.00982180954955525,0.001071035,49.7,0.00100615312910047,46.689240329488,4.59262356283096,-0.109468488172492,2,1,56,58.8867410714439,58.8867410714439,32.5,0.789291510556965,20.7335202489724,136.988713562309,134.675688127134,146.814481812503,4.93857672172523,58.893370535722,58.8867410714439,0.20057460438587,28.346205964833,0.17782741522959,4.48315507465847,0.00100615312910047,0.000100291420285247,0.000902622782567227,0,0,0.673946048580299,0.000100291420285247,4.77048955893622e-18,-2.26528276068288,282.542761581365,-20.2183392148541,305.040343882629,-0.0139603257263436,1,1,1,0,1,1,1,1,ok
custom_inlet_fixed_total_flow,ambient50RH_fixed_total_flow,initial_noegr_01,ok,,1,38,0.1,low,0.15,0,25,0.5,0.230092198318883,0.760085992131562,0.00982180954955525,0.001071035,49.7,0.00100615312910047,46.689240329488,4.59262356283096,-0.173206522549135,2,1,56,58.8874334989315,58.8874334989315,32.5,0.78904978384132,20.3383467926146,136.986147754065,134.26842909044,146.851533413345,5.26973136620215,58.8937167494658,58.8874334989315,0.197316242672745,27.8857179957257,0.21198691676509,4.41941704028182,0.00100615312910047,0.000150315122967751,0.000851785696817258,0,0,0.696434698306917,0.000150315122967751,3.89635155736978e-19,-2.12475377375457,282.689731424477,-20.2157534871712,305.043459244207,-0.0132205588039756,1,1,1,0,1,1,1,1,ok
custom_inlet_fixed_total_flow,ambient50RH_fixed_total_flow,initial_noegr_01,ok,,1,38,0.1,low,0.2,0,25,0.5,0.230092198318883,0.760085992131562,0.00982180954955525,0.001071035,49.7,0.00100615312910047,46.689240329488,4.59262356283096,-0.244370514521193,2,1,56,58.8887588024494,58.8887588024494,32.5,0.78860128923977,19.8980461814746,136.983368576,133.830295187966,146.891666863437,5.6729512280146,58.8943794012247,58.8887588024494,0.193704090480912,27.3752305872149,0.248891602076403,4.34825304830977,0.00100615312910047,0.00020024395807615,0.000800975832304601,0,0,0.720783985105619,0.00020024395807615,3.68628738645072e-18,-1.86438562775317,282.96241614222,-20.2108043858799,305.049422068565,-0.0118159127121651,1,1,1,0,1,1,1,1,ok
custom_inlet_fixed_total_flow,ambient50RH_fixed_total_flow,initial_noegr_01,ok,,1,38,0.1,low,0.25,0,25,0.5,0.230092198318883,0.760085992131562,0.00982180954955525,0.001071035,49.7,0.00100615312910047,46.689240329488,4.59262356283096,-0.324369630848252,2,1,56,58.8909759859511,58.8909759859511,32.5,0.787861411625,19.4042234345176,136.980346470444,133.35735726312,146.935309285254,6.16742827652061,58.8954879929756,58.8909759859511,0.189674671082956,26.8057728907988,0.288886681097779,4.26825393198271,0.00100615312910047,0.000250065435462699,0.000750196306388098,0,0,0.747223728167038,0.000250065435462699,2.71050543121376e-18,-1.43513488789086,283.412261732,-20.202524702427,305.05939767732,-0.00947635500175636,1,1,1,0,1,1,1,1,ok
custom_inlet_fixed_total_flow,ambient50RH_fixed_total_flow,initial_noegr_01,ok,,1,38,0.1,low,0.3,0,25,0.5,0.230092198318883,0.760085992131562,0.00982180954955525,0.001071035,49.7,0.00100615312910047,46.689240329488,4.59262356283096,-0.415000005623802,2,1,56,58.8944234520695,58.8944234520695,32.5,0.786719308071804,18.8462139741649,136.977046359782,132.845021767175,146.982967602995,6.7783176227994,58.8972117260347,58.8944234520695,0.185147820123343,26.1660156789315,0.332376182079254,4.17762355720716,0.00100615312910047,0.00029976466520122,0.000699450885469514,0,0,0.77602129650245,0.00029976466520122,3.57786716920216e-18,-0.772747144277674,284.106660692343,-20.1896507272638,305.074908625301,-0.00585006141687862,1,1,1,0,1,1,1,1,ok
custom_inlet_fixed_total_flow,ambient50RH_fixed_total_flow,initial_noegr_01,ok,,1,38,0.1,low,0.35,0,25,0.5,0.230092198318883,0.760085992131562,0.00982180954955525,0.001071035,49.7,0.00100615312910047,46.689240329488,4.59262356283096,-0.518589521616765,2,1,56,58.8995455744588,58.8995455744588,32.5,0.785028944167757,18.2102447009364,136.973426391895,132.28789899856,147.035246689525,7.5388811218112,58.8997727872294,58.8995455744588,0.18002063759356,25.4414166079098,0.379835834801639,4.07403404121419,0.00100615312910047,0.000349323780601571,0.000648744163974346,0,0,0.80748938316658,0.000349323780601571,6.50521303491303e-19,0.207447129202856,285.134401946004,-20.1705230202877,305.097954255276,-0.00047641818739757,1,1,1,0,1,1,1,1,ok
custom_inlet_fixed_total_flow,ambient50RH_fixed_total_flow,initial_noegr_01,ok,,1,38,0.1,low,0.4,0,25,0.5,0.230092198318883,0.760085992131562,0.00982180954955525,0.001071035,49.7,0.00100615312910047,46.689240329488,4.59262356283096,-0.638213719483644,2,1,56,58.9069357220597,58.9069357220597,32.5,0.782594381945273,17.4781876954203,136.969436318409,131.679637418914,147.092872833973,8.49351192920755,58.9034678610298,58.9069357220597,0.174158534842501,24.6129549366164,0.431829548592002,3.95440984334732,0.00100615312910047,0.000398721195189749,0.000598081792784623,0,0,0.841995447656157,0.000398721195189749,2.38524477946811e-18,1.61889028785831,286.614615777274,-20.1429257443531,305.131204273707,0.00744696006150678,1,1,1,0,1,1,1,1,ok
custom_inlet_fixed_total_flow,ambient50RH_fixed_total_flow,initial_noegr_01,ok,,1,38,0.1,low,0.45,0,25,0.5,0.230092198318883,0.760085992131562,0.00982180954955525,0.001071035,49.7,0.00100615312910047,46.689240329488,4.59262356283096,-0.778027609873391,2,1,56,58.9175796297039,58.9174133361694,32.5,0.779143847345232,16.6256529333095,136.965015380005,131.012714180513,147.156724369826,9.70204221894226,58.9087066680847,58.9174133361694,0.167381578789585,23.6552016224381,0.489030741531076,3.81459595295757,0.00100615312910047,0.000447930634804417,0.000547470775872065,0,0,0.879965948150331,0.000447930634804417,2.16840434497101e-19,3.6193096114299,288.712540814099,-20.1037988364104,305.178345535524,0.0186845035552894,1,1,1,0,1,1,1,1,ok
custom_inlet_fixed_total_flow,ambient50RH_fixed_total_flow,initial_noegr_01,ok,,1,38,0.1,low,0.5,0,25,0.5,0.230092198318883,0.760085992131562,0.00982180954955525,0.001071035,49.7,0.00100615312910047,46.689240329488,4.59262356283096,-0.943793759371159,2,1,56,58.9328743467529,58.9321660319174,32.5,0.774281034899219,15.6189670954579,136.96008951893,130.278168364539,147.227872090401,11.2459291742121,58.9160830159587,58.9321660319174,0.159442926218182,22.5332715477846,0.552250340951268,3.6488298034598,0.00100615312910047,0.000496919861313407,0.000496919861313407,0,0,0.921902116135088,0.000496919861313407,3.36102673470506e-18,6.43862873572191,291.669130781275,-20.0487073557636,305.244721389114,0.0344880122028861,1,1,1,0,1,1,1,1,ok
custom_inlet_fixed_total_flow,ambient50RH_fixed_total_flow,initial_noegr_01,ok,,1,38,0.1,low,0.55,0,25,0.5,0.230092198318883,0.760085992131562,0.00982180954955525,0.001071035,49.7,0.00100615312910047,46.689240329488,4.59262356283096,-1.14375808505873,2,1,56,58.9536023120211,58.953035038922,32.5,0.767387184540139,14.4101901214907,136.954567658585,129.465257842632,147.307633305389,13.2371681627575,58.926517519461,58.953035038922,0.149993345987671,21.1978096217075,0.622474160879197,3.44886547777223,0.00100615312910047,0.000545648967164463,0.000446440064043652,0,0,0.96844869640679,0.000545648967164463,1.95156391047391e-18,10.43593648944,295.860591799595,-19.9707755616,305.338615931403,0.0568149403522507,1,1,1,0,1,1,1,1,ok
custom_inlet_fixed_total_flow,ambient50RH_fixed_total_flow,initial_noegr_01,ok,,1,38,0.1,low,0.6,0,25,0.5,0.230092198318883,0.760085992131562,0.00982180954955525,0.001071035,49.7,0.00100615312910047,46.689240329488,4.59262356283096,-1.37761397580049,2,1,56,58.9824145284983,58.9835123551327,32.5,0.757284098302913,13.0580790398558,136.929173363816,129.319337095639,147.322071142818,13.6006766759528,58.9417561775663,58.9835123551327,0.139280579064679,19.6838278363158,0.670977843981953,3.21500958703047,0.00100615312910047,0.000592968444516096,0.000395312296344064,0,0,0.976071224494102,0.000592968444516096,8.67361737988404e-19,16.2953464711655,302.003268231829,-19.8569632259388,305.475740416711,0.0891445698908592,1,1,1,0,1,1,1,1,ok
custom_inlet_fixed_total_flow,ambient50RH_fixed_total_flow,initial_noegr_01,ok,,1,38,0.1,low,0.65,0,25,0.5,0.230092198318883,0.760085992131562,0.00982180954955525,0.001071035,49.7,0.00100615312910047,46.689240329488,4.59262356283096,-1.6706601731488,2,1,56,59.0244427015679,59.0274134421047,32.5,0.742628523780605,11.354915474283,136.900513935881,129.301793924889,147.323813151016,13.6030006576653,58.9637067210524,59.0274134421047,0.126076182919992,17.8177165511678,0.714726078114678,2.92196338968216,0.00100615312910047,0.000639702760083845,0.00034445533235284,0,0,0.976053176229026,0.000639702760083845,2.60208521396521e-18,24.7981609754628,310.913857541392,-19.6930223173742,305.673261296827,0.135457586476083,1,1,1,0,1,1,1,1,ok
custom_inlet_fixed_total_flow,ambient50RH_fixed_total_flow,initial_noegr_01,ok,,1,38,0.1,low,0.7,0,25,0.5,0.230092198318883,0.760085992131562,0.00982180954955525,0.001071035,49.7,0.00100615312910047,46.689240329488,4.59262356283096,-2.05546741803013,2,1,56,59.0917581970612,59.0963693535729,32.5,0.719356261191796,9.09515570475173,136.872164443769,129.274674882687,147.326507240011,13.6053740667727,58.9981846767865,59.0963693535729,0.108968348592861,15.3999518648861,0.75856079753301,2.53715614480083,0.00100615312910047,0.000686048349901531,0.00029402072138637,0,0,0.975441091682828,0.000686048349901531,4.22838847269347e-18,38.307473386748,325.063393195388,-19.4355190723968,305.983508861185,0.207930019852429,1,1,1,0,1,1,1,1,ok
custom_inlet_fixed_total_flow,ambient50RH_fixed_total_flow,initial_noegr_02,ok,,2,76,0.2,low,0,0,25,0.5,0.230092198318883,0.760085992131562,0.00982180954955525,0.00154729,71.8,0.00148115762103297,68.731212112899,3.38039965979346,0,2,1,62.3,65.447330450692,65.447330450692,44.6,0.76308918532613,20.8750010013497,150.598249912603,148.100332107088,164.529626861635,6.05347392089753,63.323665225346,65.447330450692,0.20622436550273,32.217401500664,0.115877452563648,3.38039965979346,0.00148115762103297,0,0.00148144032540694,0,0,0,0,1.73472347597681e-18,76.421031570035,596.947550643426,168.894355150669,344.912681343988,6.71948257873391,1,1,1,0,1,1,1,1,ok
custom_inlet_fixed_total_flow,ambient50RH_fixed_total_flow,initial_noegr_02,ok,,2,76,0.2,low,0.05,0,25,0.5,0.230092198318883,0.760085992131562,0.00982180954955525,0.00154729,71.8,0.00148115762103297,68.731212112899,3.38039965979346,-0.0525362278808266,2,1,62.3,65.4457465875051,65.4457465875051,44.6,0.764030969874243,20.3880795429486,150.594867141102,147.517159515418,164.578473157734,6.5966906082049,63.3228732937526,65.4457465875051,0.202518032847058,31.6383796815316,0.157423312588184,3.32786343191263,0.00148115762103297,7.40183986067966e-05,0.00140634957352913,0,0,0.701396724997471,7.40183986067966e-05,2.11758236813575e-19,76.369682174295,595.802340632921,167.812517751086,344.905554165044,6.71458654249535,1,1,1,0,1,1,1,1,ok
custom_inlet_fixed_total_flow,ambient50RH_fixed_total_flow,initial_noegr_02,ok,,2,76,0.2,low,0.1,0,25,0.5,0.230092198318883,0.760085992131562,0.00982180954955525,0.00154729,71.8,0.00148115762103297,68.731212112899,3.38039965979346,-0.110615359953754,2,1,62.3,65.4447529732534,65.4447529732534,44.6,0.764636694016336,19.8514669375227,150.591203808281,146.891162034131,164.631370752379,7.2595657896761,63.3223764866267,65.4447529732534,0.198449343796326,31.002748734581,0.202343417378416,3.26978429983971,0.00148115762103297,0.000147920667931173,0.00133128601138056,0,0,0.727117353636115,0.000147920667931173,9.75781955236954e-19,76.3204170837519,595.065780076135,167.133852656078,344.901083097972,6.71042723833338,1,1,1,0,1,1,1,1,ok
custom_inlet_fixed_total_flow,ambient50RH_fixed_total_flow,initial_noegr_02,ok,,2,76,0.2,low,0.15,0,25,0.5,0.230092198318883,0.760085992131562,0.00982180954955525,0.00154729,71.8,0.00148115762103297,68.731212112899,3.38039965979346,-0.175174646969739,2,1,62.3,65.4445513509565,65.4445513509565,44.6,0.76478796665653,19.2570391093498,150.587220019934,146.216856447729,164.688895731351,8.07380109814732,63.3222756754783,65.4445513509565,0.193960986329713,30.3015550893594,0.25107002202021,3.20522501282372,0.00148115762103297,0.00022169156999224,0.00125625222995602,0,0,0.755080831141823,0.00022169156999224,6.50521303491303e-19,76.2782034408898,594.881832545659,166.996158798475,344.900175966491,6.70729433980396,1,1,1,0,1,1,1,1,ok
custom_inlet_fixed_total_flow,ambient50RH_fixed_total_flow,initial_noegr_02,ok,,2,76,0.2,low,0.2,0,25,0.5,0.230092198318883,0.760085992131562,0.00982180954955525,0.00154729,71.8,0.00148115762103297,68.731212112899,3.38039965979346,-0.247377138549747,2,1,62.3,65.4453816137261,65.4453816137261,44.6,0.764343730369173,18.5947675496845,150.58286869804,145.48790890948,164.751727914266,9.08095113081999,63.3226908068631,65.4453816137261,0.188982626454301,29.5238108178232,0.304111611362698,3.13302252124371,0.00148115762103297,0.000295312881934119,0.00118125152773648,0,0,0.785586756954618,0.000295312881934119,8.67361737988404e-19,76.2492866430212,595.422023871086,167.563293015988,344.903912264621,6.70553194745615,1,1,1,0,1,1,1,1,ok
custom_inlet_fixed_total_flow,ambient50RH_fixed_total_flow,initial_noegr_02,ok,,2,76,0.2,low,0.25,0,25,0.5,0.230092198318883,0.760085992131562,0.00982180954955525,0.00154729,71.8,0.00148115762103297,68.731212112899,3.38039965979346,-0.328684833184031,2,1,62.3,65.44753570336,65.44753570336,44.6,0.763133254558017,17.8521168558499,150.578093986222,144.696979864919,164.820673868583,10.33600207678,63.32376785168,65.44753570336,0.183426886712467,28.6558653766551,0.362070885767277,3.05171482660943,0.00148115762103297,0.000368762700326522,0.00110628810097957,0,0,0.818991477047318,0.000368762700326522,3.03576608295941e-18,76.2401334619488,596.893962457452,169.034664223021,344.913605704586,6.70555906789541,1,1,1,0,1,1,1,1,ok
custom_inlet_fixed_total_flow,ambient50RH_fixed_total_flow,initial_noegr_02,ok,,2,76,0.2,low,0.3,0,25,0.5,0.230092198318883,0.760085992131562,0.00982180954955525,0.00154729,71.8,0.00148115762103297,68.731212112899,3.38039965979346,-0.420962548570672,2,1,62.3,65.4514325847877,65.4514325847877,44.6,0.760943195265086,17.0131948439708,150.572829205673,143.835535722818,164.896696179976,11.9124182017303,63.3257162923939,65.4514325847877,0.177183698791335,27.6805233436763,0.425668390644465,2.95943711122279,0.00148115762103297,0.000442014551750139,0.00103136728741699,0,0,0.855720500085008,0.000442014551750139,5.42101086242752e-19,76.2214797518171,599.557074557655,171.696467046662,344.931141745626,6.70798601355061,1,1,1,0,1,1,1,1,ok
custom_inlet_fixed_total_flow,ambient50RH_fixed_total_flow,initial_noegr_02,ok,,2,76,0.2,low,0.35,0,25,0.5,0.230092198318883,0.760085992131562,0.00982180954955525,0.00154729,71.8,0.00148115762103297,68.731212112899,3.38039965979346,-0.524261304826261,2,1,62.3,65.458615230803,65.4586691409597,44.6,0.756945450476101,16.1152841057115,150.550881888245,143.235301852967,164.95026808509,13.1470022566088,63.3293345704799,65.4586691409597,0.170322454709961,26.6086254870637,0.487960383564456,2.8561383549672,0.00148115762103297,0.00051436558271898,0.000955250367906677,0,0,0.88118374452761,0.00051436558271898,9.35124373768748e-19,76.1099171439064,604.418332221061,176.639513944779,344.96370669465,6.70519443772535,1,1,1,0,1,1,1,1,ok
custom_inlet_fixed_total_flow,ambient50RH_fixed_total_flow,initial_noegr_02,ok,,2,76,0.2,low,0.4,0,25,0.5,0.230092198318883,0.760085992131562,0.00982180954955525,0.00154729,71.8,0.00148115762103297,68.731212112899,3.38039965979346,-0.638268097113878,2,1,62.3,65.4693300243054,65.4694109123019,44.6,0.750698269490702,15.181442284242,150.50118906714,143.190921358542,164.95424715276,13.2330099083108,63.3347054561509,65.4694109123019,0.162952907439588,25.4573179647497,0.538740569270092,2.74213156267958,0.00148115762103297,0.000585002423928254,0.000877503635892382,0,0,0.882141554956498,0.000585002423928254,2.60208521396521e-18,76.3358127966313,612.014904299306,183.976617134438,345.012043762107,6.69043060612985,1,1,1,0,1,1,1,1,ok
custom_inlet_fixed_total_flow,ambient50RH_fixed_total_flow,initial_noegr_02,ok,,2,76,0.2,low,0.45,0,25,0.5,0.230092198318883,0.760085992131562,0.00982180954955525,0.00154729,71.8,0.00148115762103297,68.731212112899,3.38039965979346,-0.770141748106985,2,1,62.3,65.482854719633,65.482975708254,44.6,0.742801249114138,14.0817176396324,150.451836200263,143.145535752387,164.958319120437,13.3189202157198,63.341487854127,65.482975708254,0.154554002537316,24.1451990463922,0.588989954935167,2.61025791168648,0.00148115762103297,0.000654949582656763,0.000800493934358266,0,0,0.883036235861111,0.000654949582656763,1.0842021724855e-18,76.6224994223771,621.617681077208,193.241969671874,345.073084197145,6.68012778581174,1,1,1,0,1,1,1,1,ok
custom_inlet_fixed_total_flow,ambient50RH_fixed_total_flow,initial_noegr_02,ok,,2,76,0.2,low,0.5,0,25,0.5,0.230092198318883,0.760085992131562,0.00982180954955525,0.00154729,71.8,0.00148115762103297,68.731212112899,3.38039965979346,-0.925279154401545,2,1,62.3,65.5006230226264,65.5008409336001,44.6,0.732391236746279,12.7669702844992,150.40260361105,143.129529626912,164.959756067266,13.3363176925148,63.3504204668001,65.5008409336001,0.144814983648972,22.6237208205607,0.638755892128498,2.45512050539192,0.00148115762103297,0.000724215110703042,0.000724215110703042,0,0,0.883848893727784,0.000724215110703042,4.40457132572236e-19,77.0016837024422,634.276256116525,205.44470374311,345.153476194466,6.67639247650755,1,1,1,0,1,1,1,1,ok
custom_inlet_fixed_total_flow,ambient50RH_fixed_total_flow,initial_noegr_02,ok,,2,76,0.2,low,0.55,0,25,0.5,0.230092198318883,0.760085992131562,0.00982180954955525,0.00154729,71.8,0.00148115762103297,68.731212112899,3.38039965979346,-1.11147352330063,2,1,62.3,65.5249344629447,65.5252623716928,44.6,0.718143541814539,11.166641447488,150.353689135033,143.117235554452,164.960860097834,13.3390358083111,63.3626311858464,65.5252623716928,0.133289418105763,20.8231393435728,0.688095051505011,2.26892613649283,0.00148115762103297,0.000792806596178548,0.000648659942327903,0,0,0.884525832561375,0.000792806596178548,4.11996825544492e-18,77.5297365800262,651.60145315352,222.12561336114,345.263370553672,6.68273265868284,1,1,1,0,1,1,1,1,ok
custom_inlet_fixed_total_flow,ambient50RH_fixed_total_flow,initial_noegr_02,ok,,2,76,0.2,low,0.6,0,25,0.5,0.230092198318883,0.760085992131562,0.00982180954955525,0.00154729,71.8,0.00148115762103297,68.731212112899,3.38039965979346,-1.34042461322929,2,1,62.3,65.5604992285555,65.5610272335112,44.6,0.697251191290166,9.17541404026699,150.30518091972,143.099775792999,164.962428393656,13.3417968843832,63.3805136167556,65.5610272335112,0.119310849147834,18.6393374081204,0.737119274184197,2.03997504656417,0.00148115762103297,0.000860733357288732,0.000573822238192488,0,0,0.88497285585843,0.000860733357288732,6.50521303491303e-19,78.3212515855214,677.006551391159,246.55456613331,345.424309265794,6.70642440653346,1,1,1,0,1,1,1,1,ok
custom_inlet_fixed_total_flow,ambient50RH_fixed_total_flow,initial_noegr_02,ok,,2,76,0.2,low,0.65,0,25,0.5,0.230092198318883,0.760085992131562,0.00982180954955525,0.00154729,71.8,0.00148115762103297,68.731212112899,3.38039965979346,-1.63054745823221,2,1,62.3,65.6191446235793,65.6201296999716,44.6,0.662666821060915,6.62877397530487,150.257180887361,143.071669915866,164.964953879602,13.3446627123084,63.4100648499858,65.6201296999716,0.101837522130527,15.9095668948415,0.786090784605837,1.74985220156125,0.00148115762103297,0.000928009248891846,0.00049969728786484,0,0,0.88495817080466,0.000928009248891846,3.46944695195361e-18,79.6811424669187,719.061145589927,286.924084193406,345.690264925302,6.76565400430086,1,1,1,0,1,1,1,1,ok
custom_inlet_fixed_total_flow,ambient50RH_fixed_total_flow,initial_noegr_02,ok,,2,76,0.2,low,0.7,0,25,0.5,0.230092198318883,0.760085992131562,0.00982180954955525,0.00154729,71.8,0.00148115762103297,68.731212112899,3.38039965979346,-2.01270549866673,2,1,62.3,65.7462482912188,65.7490988890569,44.6,0.586950260899111,3.25375581843383,150.210108720511,143.011625308269,164.970353045722,13.3478596530786,63.4745494445284,65.7490988890569,0.0791378524693162,12.3633110020189,0.835968911563711,1.36769416112673,0.00148115762103297,0.000994670702477526,0.00042628744391894,0,0,0.883605474670218,0.000994670702477526,3.46944695195361e-18,82.9153542253677,811.132482746681,375.015406727989,346.270613339339,6.9311084539849,1,1,1,0,1,1,1,1,ok
custom_inlet_fixed_total_flow,ambient50RH_fixed_total_flow,initial_noegr_03,ok,,3,114,0.3,low,0,0,25,0.5,0.230092198318883,0.760085992131562,0.00982180954955525,0.00194381,90.2,0.00185879116888627,86.2548106211726,2.82817392094889,0,2,1,64.4,67.2054312674558,67.2054312674558,46.1,0.739716897128161,19.3257337815466,153.291546541961,158.747461011064,177.890726339593,7.7376495897363,64.7527156337279,67.2054312674558,0.20622436550273,33.269145764728,0.113788841252881,2.82817392094889,0.00185879116888627,0,0.00185972086849339,0,0,0,0,1.02999206386123e-18,88.7304803023086,938.052379638234,481.795775742859,357.77408578163,9.75203781143595,1,1,1,0,1,1,1,1,ok
custom_inlet_fixed_total_flow,ambient50RH_fixed_total_flow,initial_noegr_03,ok,,3,114,0.3,low,0.05,0,25,0.5,0.230092198318883,0.760085992131562,0.00982180954955525,0.00194381,90.2,0.00185879116888627,86.2548106211726,2.82817392094889,-0.0525839899654805,2,1,64.4,67.2022581285767,67.2022581285767,46.1,0.741010458170318,18.7397284413594,153.286752821005,158.068782747256,177.959945477682,8.58893474907967,64.7511290642883,67.2022581285767,0.201790989600035,32.5539313972256,0.162719939188921,2.77558993098341,0.00185879116888627,9.29100622124963e-05,0.00176529118203743,0,0,0.763374123303729,9.29100622124963e-05,1.0842021724855e-18,88.5628549849882,935.69292429734,479.628443315912,357.759807327175,9.74181866926399,1,1,1,0,1,1,1,1,ok
custom_inlet_fixed_total_flow,ambient50RH_fixed_total_flow,initial_noegr_03,ok,,3,114,0.3,low,0.1,0,25,0.5,0.230092198318883,0.760085992131562,0.00982180954955525,0.00194381,90.2,0.00185879116888627,86.2548106211726,2.82817392094889,-0.110732786936485,2,1,64.4,67.2007397784883,67.2007397784883,46.1,0.741670418209893,18.0940952078635,153.281567495279,157.341750433867,178.034819378668,9.62569274750082,64.7503698892442,67.2007397784883,0.196927212791854,31.7692826036459,0.215641585410216,2.7174411340124,0.00185879116888627,0.000185655747827745,0.0016709017304497,0,0,0.792211331584704,0.000185655747827745,3.03576608295941e-18,88.4101929180312,934.489157185155,478.591416599338,357.752975362426,9.73457230536,1,1,1,0,1,1,1,1,ok
custom_inlet_fixed_total_flow,ambient50RH_fixed_total_flow,initial_noegr_03,ok,,3,114,0.3,low,0.15,0,25,0.5,0.230092198318883,0.760085992131562,0.00982180954955525,0.00194381,90.2,0.00185879116888627,86.2548106211726,2.82817392094889,-0.175390530506145,2,1,64.4,67.2013616134487,67.2013616134487,46.1,0.741542056601335,17.379103885524,153.275936992398,156.560520616805,178.116121212448,10.8959277874129,64.7506808067244,67.2013616134487,0.191565331121242,30.9042770431343,0.273072209108155,2.65278339044274,0.00185879116888627,0.00027821588868059,0.00157655670252334,0,0,0.823558267723321,0.00027821588868059,1.95156391047391e-18,88.2200188424691,934.723288759166,479.016280686231,357.755774380444,9.73121485002131,1,1,1,0,1,1,1,1,ok
custom_inlet_fixed_total_flow,ambient50RH_fixed_total_flow,initial_noegr_03,ok,,3,114,0.3,low,0.2,0,25,0.5,0.230092198318883,0.760085992131562,0.00982180954955525,0.00194381,90.2,0.00185879116888627,86.2548106211726,2.82817392094889,-0.247729884636208,2,1,64.4,67.2050150477692,67.2050150477692,46.1,0.740440971878814,16.5827451752194,153.269798918939,155.718475099404,178.204749986225,12.4619387703309,64.7525075238846,67.2050150477692,0.185622296662893,29.9455170091413,0.335625386819928,2.58044403631268,0.00185879116888627,0.000370565364356807,0.00148226145742723,0,0,0.857740047594189,0.000370565364356807,2.81892564846231e-18,87.7139005236586,936.731667293044,481.512091268954,357.772216859359,9.73345864107214,1,1,1,0,1,1,1,1,ok
custom_inlet_fixed_total_flow,ambient50RH_fixed_total_flow,initial_noegr_03,ok,,3,114,0.3,low,0.25,0,25,0.5,0.230092198318883,0.760085992131562,0.00982180954955525,0.00194381,90.2,0.00185879116888627,86.2548106211726,2.82817392094889,-0.32598871178169,2,1,64.4,67.2169073063448,67.2169073063448,46.1,0.736028525864061,15.8129739353455,153.211300185058,155.55511996494,178.222086781921,12.7807973938401,64.7584536531724,67.2169073063448,0.179346381472851,28.9330549911077,0.391382699317545,2.5021852091672,0.00185879116888627,0.000461081206460815,0.00138324361938245,0,0,0.863577635252307,0.000461081206460815,4.11996825544492e-18,87.6048428504755,944.779968823952,489.635245998783,357.82573245918,9.71414751551375,1,1,1,0,1,1,1,1,ok
custom_inlet_fixed_total_flow,ambient50RH_fixed_total_flow,initial_noegr_03,ok,,3,114,0.3,low,0.3,0,25,0.5,0.230092198318883,0.760085992131562,0.00982180954955525,0.00194381,90.2,0.00185879116888627,86.2548106211726,2.82817392094889,-0.412958631472588,2,1,64.4,67.2317539072634,67.2317539072634,46.1,0.730274157934702,14.9571988525388,153.145048753843,155.501369436461,178.227793186144,12.8770481618845,64.7658769536317,67.2317539072634,0.172492279047779,27.8273169173829,0.445047914510139,2.4152152894763,0.00185879116888627,0.000550458871219441,0.00128440403284536,0,0,0.864734645459359,0.000550458871219441,2.38524477946811e-18,87.9124561556414,955.275935927104,499.776131474962,357.892540932861,9.69480736363999,1,1,1,0,1,1,1,1,ok
custom_inlet_fixed_total_flow,ambient50RH_fixed_total_flow,initial_noegr_03,ok,,3,114,0.3,low,0.35,0,25,0.5,0.230092198318883,0.760085992131562,0.00982180954955525,0.00194381,90.2,0.00185879116888627,86.2548106211726,2.82817392094889,-0.511144158844354,2,1,64.4,67.2500048682042,67.2500048682042,46.1,0.72319382608832,13.9734046028106,153.079240302394,155.446376833412,178.233635957685,12.9732662947067,64.7750024341021,67.2500048682042,0.164871293654739,26.5978614488507,0.498149573014159,2.31702976210453,0.00185879116888627,0.000638911851685432,0.00118655058170152,0,0,0.8658167087789,0.000638911851685432,4.33680868994202e-19,88.2912873933195,968.190461214905,512.242345095324,357.974668741769,9.68215998449237,1,1,1,0,1,1,1,1,ok
custom_inlet_fixed_total_flow,ambient50RH_fixed_total_flow,initial_noegr_03,ok,,3,114,0.3,low,0.4,0,25,0.5,0.230092198318883,0.760085992131562,0.00982180954955525,0.00194381,90.2,0.00185879116888627,86.2548106211726,2.82817392094889,-0.623374090463632,2,1,64.4,67.2730120023365,67.2730120023365,46.1,0.714261100114243,12.8300065057703,153.013890432795,155.38947787407,178.239686084007,13.069494424689,64.7865060011682,67.2730120023365,0.156288805190167,25.2132914973037,0.55072574330224,2.20479983048526,0.00185879116888627,0.000726449951852133,0.0010896749277782,0,0,0.866797422794906,0.000726449951852133,3.68628738645072e-18,88.7695679503914,984.48375339162,527.957234945054,358.078198932242,9.67875156393211,1,1,1,0,1,1,1,1,ok
custom_inlet_fixed_total_flow,ambient50RH_fixed_total_flow,initial_noegr_03,ok,,3,114,0.3,low,0.45,0,25,0.5,0.230092198318883,0.760085992131562,0.00982180954955525,0.00194381,90.2,0.00185879116888627,86.2548106211726,2.82817392094889,-0.753511858168097,2,1,64.4,67.303450480958,67.303450480958,46.1,0.702433264581009,11.4840177972462,152.948654462694,155.372700745706,178.241471334726,13.0750788472201,64.801725240479,67.303450480958,0.146480009990112,23.6308876116549,0.602847451638264,2.07466206278079,0.00185879116888627,0.000813085134293216,0.000993770719691709,0,0,0.867638045601238,0.000813085134293216,2.81892564846231e-18,89.405095682385,1006.05772540424,548.748059973488,358.215169543928,9.68940020443903,1,1,1,0,1,1,1,1,ok
custom_inlet_fixed_total_flow,ambient50RH_fixed_total_flow,initial_noegr_03,ok,,3,114,0.3,low,0.5,0,25,0.5,0.230092198318883,0.760085992131562,0.00982180954955525,0.00194381,90.2,0.00185879116888627,86.2548106211726,2.82817392094889,-0.906962473257236,2,1,64.4,67.344853721809,67.344853721809,46.1,0.686326145579461,9.87570699889129,152.883937214523,155.35197399073,178.243677400634,13.078272823726,64.8224268609045,67.344853721809,0.135076511725293,21.7912182540829,0.654595039516901,1.92121144769165,0.00185879116888627,0.000898828108357456,0.000898828108357456,0,0,0.868256760676988,0.000898828108357456,1.0842021724855e-18,90.2863614582699,1035.43711046306,577.028291593983,358.401480602695,9.72097680811477,1,1,1,0,1,1,1,1,ok
custom_inlet_fixed_total_flow,ambient50RH_fixed_total_flow,initial_noegr_03,ok,,3,114,0.3,low,0.55,0,25,0.5,0.230092198318883,0.760085992131562,0.00982180954955525,0.00194381,90.2,0.00185879116888627,86.2548106211726,2.82817392094889,-1.09155030127896,2,1,64.4,67.4053739296633,67.4053739296633,46.1,0.662753834685403,7.91907288444129,152.819848337452,155.322299054,178.246837028718,13.0815830265417,64.8526869648317,67.4053739296633,0.121547790629963,19.6086973233788,0.706143680787979,1.73662361966993,0.00185879116888627,0.000983694640712198,0.000804841069673616,0,0,0.868494981185257,0.000983694640712198,4.11996825544492e-18,91.6040677763268,1078.43300553383,618.366233217646,358.673816267214,9.78888827263932,1,1,1,0,1,1,1,1,ok
custom_inlet_fixed_total_flow,ambient50RH_fixed_total_flow,initial_noegr_03,ok,,3,114,0.3,low,0.6,0,25,0.5,0.230092198318883,0.760085992131562,0.00982180954955525,0.00194381,90.2,0.00185879116888627,86.2548106211726,2.82817392094889,-1.31905758007242,2,1,64.4,67.5058472300202,67.5058472300202,46.1,0.62355307306045,5.48561349363888,152.756652569331,155.273883409437,178.251994984892,13.0851534542976,64.9029236150101,67.5058472300202,0.105099968082893,16.9552523509727,0.757917357353041,1.50911634087646,0.00185879116888627,0.00106771250646294,0.000711808337641962,0,0,0.867949673138287,0.00106771250646294,6.93889390390723e-18,93.8828678714204,1149.93519473774,686.993824250849,359.125937003619,9.93256561185042,1,1,1,0,1,1,1,1,ok
custom_inlet_fixed_total_flow,ambient50RH_fixed_total_flow,initial_noegr_03,ok,,3,114,0.3,low,0.65,0,25,0.5,0.230092198318883,0.760085992131562,0.00982180954955525,0.00194381,90.2,0.00185879116888627,86.2548106211726,2.82817392094889,-1.60828890535775,2,1,64.4,67.7342145541967,67.7344199550869,46.1,0.534013636653408,2.37237572965601,152.695535807254,155.165184668346,178.263588448949,13.0895771458337,65.0172099775435,67.7344199550869,0.0844731233134846,13.6276266185479,0.811629626597118,1.21988501559114,0.00185879116888627,0.00115097619342371,0.000619756411843536,0,0,0.864933479162432,0.00115097619342371,7.58941520739853e-18,99.6629073016636,1313.25512674418,843.118477187466,360.154491146262,10.3192511087923,1,1,1,0,1,1,1,1,ok
custom_inlet_fixed_total_flow,ambient50RH_fixed_total_flow,initial_noegr_03,ok,,3,114,0.3,low,0.7,0,25,0.5,0.230092198318883,0.760085992131562,0.00982180954955525,0.00194381,90.2,0.00185879116888627,86.2548106211726,2.82817392094889,-1.8897875011276,2,1,64.4,69.8807510826158,69.8808106417664,46.1,-0.302328629436107,1.10186639342914e-07,152.693152053428,154.134115974866,178.374443098375,13.1066535901037,66.0904053208832,69.8808106417664,0.0644820033871974,10.4025591964396,0.905653043386673,0.938386419821285,0.00185879116888627,0.00124204551695917,0.000532305221553928,0,0,0.826138503827717,0.00124204551695917,9.31757497464388e-06,145.299315046092,2838.74342009146,2309.19759953825,369.813066690689,14.4334388164281,0,1,1,1,0,1,1,0,gas_residual_high
custom_inlet_fixed_total_flow,ambient50RH_fixed_total_flow,initial_noegr_04,ok,,4,152,0.4,mid,0,0,25,0.5,0.230092198318883,0.760085992131562,0.00982180954955525,0.00208173,96.6,0.00198983691673063,92.3358198018852,2.27067124418183,-4.44089209850063e-16,2,1,67.5,69.1577689200974,69.1577689200974,56.2,0.731530415231552,17.6992632534654,163.786471375048,164.217317668728,188.008535589563,12.08744997488,66.4788844600487,69.1577689200974,0.20622436550273,35.3520118563055,0.112963994627879,2.27067124418183,0.00198983691673063,0,0.0019867070123681,0,0,0,0,1.73472347597681e-18,95.1499118082129,1270.64603015687,790.764203877536,373.309579540791,11.422334930327,1,1,1,0,1,1,1,1,ok
custom_inlet_fixed_total_flow,ambient50RH_fixed_total_flow,initial_noegr_04,ok,,4,152,0.4,mid,0.05,0,25,0.5,0.230092198318883,0.760085992131562,0.00982180954955525,0.00208173,96.6,0.00198983691673063,92.3358198018852,2.27067124418183,-0.0518141416933613,2,1,67.5,69.1706046627123,69.1706046627123,56.2,0.727805652432114,17.0519586850445,163.713040811576,164.160407642325,188.015335791456,12.1813536173222,66.4853023313562,69.1706046627123,0.200816337504458,34.4249406567017,0.169607890242388,2.21885710248846,0.00198983691673063,9.88121464751912e-05,0.00187743078302863,0,0,0.85646706503493,9.88121464751912e-05,3.68628738645072e-18,95.4146159620695,1279.7046532851,799.531584896171,373.367339323742,11.3911131031168,1,1,1,0,1,1,1,1,ok
custom_inlet_fixed_total_flow,ambient50RH_fixed_total_flow,initial_noegr_04,ok,,4,152,0.4,mid,0.1,0,25,0.5,0.230092198318883,0.760085992131562,0.00982180954955525,0.00208173,96.6,0.00198983691673063,92.3358198018852,2.27067124418183,-0.108067253400808,2,1,67.5,69.1855456905818,69.1855456905818,56.2,0.723466354182732,16.3351015103991,163.640093513673,164.102932055272,188.022208885242,12.2751437120576,66.4927728452909,69.1855456905818,0.195036819253619,33.4341867405516,0.225598379990461,2.16260399078102,0.00198983691673063,0.000196584653709276,0.00176926188338348,0,0,0.85764762012117,0.000196584653709276,1.95156391047391e-18,95.7218434400362,1290.2578266276,809.736969580925,373.434572720244,11.3644408863907,1,1,1,0,1,1,1,1,ok
custom_inlet_fixed_total_flow,ambient50RH_fixed_total_flow,initial_noegr_04,ok,,4,152,0.4,mid,0.15,0,25,0.5,0.230092198318883,0.760085992131562,0.00982180954955525,0.00208173,96.6,0.00198983691673063,92.3358198018852,2.27067124418183,-0.169556479824211,2,1,67.5,69.2031344724283,69.2031344724283,56.2,0.718353948136336,15.5365561986703,163.567637487423,164.044611734869,188.029188464161,12.3688301592324,66.5015672362141,69.2031344724283,0.188816698482356,32.3679025373378,0.280956138353466,2.10111476435761,0.00198983691673063,0.000293327793501752,0.00166219082984326,0,0,0.858768427726611,0.000293327793501752,2.16840434497101e-18,96.0831909958959,1302.69119813243,821.750887859747,373.513720793163,11.3433984836251,1,1,1,0,1,1,1,1,ok
custom_inlet_fixed_total_flow,ambient50RH_fixed_total_flow,initial_noegr_04,ok,,4,152,0.4,mid,0.2,0,25,0.5,0.230092198318883,0.760085992131562,0.00982180954955525,0.00208173,96.6,0.00198983691673063,92.3358198018852,2.27067124418183,-0.237278566375863,2,1,67.5,69.2241274730853,69.2241274730853,56.2,0.712247285155543,14.6411919331826,163.495683857713,163.985060370885,188.036321069546,12.4624281199387,66.5120637365426,69.2241274730853,0.182069853313744,31.2113246043085,0.335705885906052,2.03339267780596,0.00198983691673063,0.000389052056908176,0.00155620822763271,0,0,0.859814883433892,0.000389052056908176,1.16551733542192e-18,96.5148831290478,1317.54260250172,836.090038357437,373.608187569351,11.3294934458817,1,1,1,0,1,1,1,1,ok
custom_inlet_fixed_total_flow,ambient50RH_fixed_total_flow,initial_noegr_04,ok,,4,152,0.4,mid,0.25,0,25,0.5,0.230092198318883,0.760085992131562,0.00982180954955525,0.00208173,96.6,0.00198983691673063,92.3358198018852,2.27067124418183,-0.312496584478344,2,1,67.5,69.2496167233064,69.2496167233064,56.2,0.704827024546013,13.6298967397284,163.424248776872,163.923723969287,188.043673510675,12.555959976532,66.5248083616532,69.2496167233064,0.174687538018313,29.9458112047892,0.389878661302474,1.95817465970348,0.00198983691673063,0.0004837682798668,0.0014513048396004,0,0,0.86076594277059,0.0004837682798668,2.38524477946811e-18,97.0405594019884,1335.5886763041,853.500325792232,373.722887092641,11.3249040172354,1,1,1,0,1,1,1,1,ok
custom_inlet_fixed_total_flow,ambient50RH_fixed_total_flow,initial_noegr_04,ok,,4,152,0.4,mid,0.3,0,25,0.5,0.230092198318883,0.760085992131562,0.00982180954955525,0.00208173,96.6,0.00198983691673063,92.3358198018852,2.27067124418183,-0.396835429237175,2,1,67.5,69.2812490579806,69.2812490579806,56.2,0.695611374491801,12.478173751059,163.353356927086,163.859771828361,188.051346048531,12.6494583879926,66.5406245289903,69.2812490579806,0.166530379866954,28.5474703686925,0.443515857562567,1.87383581494465,0.00198983691673063,0.000577487876553223,0.00134747171195752,0,0,0.861589930184086,0.000577487876553223,4.98732999343332e-18,97.6963788168183,1358.00113723594,875.106610038173,373.865229975397,11.3329184055521,1,1,1,0,1,1,1,1,ok
custom_inlet_fixed_total_flow,ambient50RH_fixed_total_flow,initial_noegr_04,ok,,4,152,0.4,mid,0.35,0,25,0.5,0.230092198318883,0.760085992131562,0.00982180954955525,0.00208173,96.6,0.00198983691673063,92.3358198018852,2.27067124418183,-0.492421803469222,2,1,67.5,69.3216537150236,69.3216537150236,56.2,0.683830710688402,11.1540957849031,163.283048485653,163.791884181306,188.059498082291,12.7429713520579,66.5608268575118,69.3216537150236,0.157416698358009,26.9851575160217,0.496676972463758,1.7782494407126,0.00198983691673063,0.000670223306436039,0.00124470042623836,0,0,0.862236381194101,0.000670223306436039,2.38524477946811e-18,98.5410972395148,1386.65171160581,902.704774352578,374.047047553217,11.3587924604966,1,1,1,0,1,1,1,1,ok
custom_inlet_fixed_total_flow,ambient50RH_fixed_total_flow,initial_noegr_04,ok,,4,152,0.4,mid,0.4,0,25,0.5,0.230092198318883,0.760085992131562,0.00982180954955525,0.00208173,96.6,0.00198983691673063,92.3358198018852,2.27067124418183,-0.60209527823178,2,1,67.5,69.3753693097051,69.3753693097051,56.2,0.668155861560466,9.61524296558483,163.213394561568,163.71779231535,188.068403793839,12.8365713786833,66.5876846548525,69.3753693097051,0.147104972369875,25.2174698885058,0.549456137345663,1.66857596595005,0.00198983691673063,0.000761989111504686,0.00114298366725703,0,0,0.862618398705599,0.000761989111504686,5.14996031930615e-19,99.6776817749415,1424.77294468495,939.394888403114,374.288763182946,11.4116113239451,1,1,1,0,1,1,1,1,ok
custom_inlet_fixed_total_flow,ambient50RH_fixed_total_flow,initial_noegr_05,ok,,5,228,0.6,mid,0,0,25,0.5,0.230092198318883,0.760085992131562,0.00982180954955525,0.00259462,120.4,0.00246429634415107,114.352498568495,1.87472879435769,0,1,1,73.7,73.7,74.1715883323061,73.5,0.701975436942825,16.4255483362848,182.376486026021,180.251424415282,209.172644232364,11.8055505695175,71.385794166153,74.1715883323061,0.20622436550273,39.4558767298099,0.101890688540144,1.87472879435769,0.00246429634415107,0,0.00243930924011853,0,0,0,0,6.93889390390723e-18,98.4868112348589,2013.78560603257,1483.25845770716,417.471753548132,14.5685835424198,1,1,1,0,1,1,1,1,ok
custom_inlet_fixed_total_flow,ambient50RH_fixed_total_flow,initial_noegr_05,ok,,5,228,0.6,mid,0.05,0,25,0.5,0.230092198318883,0.760085992131562,0.00982180954955525,0.00259462,120.4,0.00246429634415107,114.352498568495,1.87472879435769,-0.0510453119558492,2,1,73.7,74.2003011836326,74.2003011836326,73.5,0.696406481642264,15.5423160397573,182.273163962217,180.168536965669,209.18270850866,11.9048532722168,71.4001505918163,74.2003011836326,0.199811494121389,38.2289341127747,0.159570879592496,1.82368348240184,0.00246429634415107,0.000121234785981021,0.00230346093363941,0,0,0.855866569408826,0.000121234785981021,9.75781955236954e-19,99.0712031543668,2034.10115496902,1502.87061226328,417.600959041534,14.5583805098404,1,1,1,0,1,1,1,1,ok
custom_inlet_fixed_total_flow,ambient50RH_fixed_total_flow,initial_noegr_05,ok,,5,228,0.6,mid,0.1,0,25,0.5,0.230092198318883,0.760085992131562,0.00982180954955525,0.00259462,120.4,0.00246429634415107,114.352498568495,1.87472879435769,-0.106536861352174,2,1,73.7,74.2344692253586,74.2344692253586,73.5,0.689774950925124,14.5643947697164,182.17068621861,180.083178530651,209.193083583214,12.004038727312,71.4172346126793,74.2344692253586,0.192953352295047,36.91680012785,0.216548651987146,1.76819193300551,0.00246429634415107,0.000241019776960651,0.00216917799264586,0,0,0.856929204861598,0.000241019776960651,6.28837260041593e-18,99.7672575059679,2058.29297902515,1526.20890411567,417.754712445084,14.5621049584254,1,1,1,0,1,1,1,1,ok
custom_inlet_fixed_total_flow,ambient50RH_fixed_total_flow,initial_noegr_05,ok,,5,228,0.6,mid,0.15,0,25,0.5,0.230092198318883,0.760085992131562,0.00982180954955525,0.00259462,120.4,0.00246429634415107,114.352498568495,1.87472879435769,-0.167275384747132,2,1,73.7,74.2757727829747,74.2757727829747,73.5,0.681753116854625,13.4752937494106,182.069092530345,179.994349884065,209.2038920869,12.1031294482929,71.4378863914873,74.2757727829747,0.185566645142421,35.5035383818738,0.272864920285882,1.70745340961056,0.00246429634415107,0.000359372962418309,0.00203644678703708,0,0,0.8578466856588,0.000359372962418309,1.95156391047391e-18,100.611111409134,2087.55662971433,1554.42106913621,417.94057507894,14.5838740900456,1,1,1,0,1,1,1,1,ok
custom_inlet_fixed_total_flow,ambient50RH_fixed_total_flow,initial_noegr_05,ok,,5,228,0.6,mid,0.2,0,25,0.5,0.230092198318883,0.760085992131562,0.00982180954955525,0.00259462,120.4,0.00246429634415107,114.352498568495,1.87472879435769,-0.234263064011432,2,1,73.7,74.3267216948403,74.3267216948403,73.5,0.671851250882424,12.2544525236165,181.968443056206,179.900564744734,209.215316605251,12.2021596527707,71.4633608474201,74.3267216948403,0.177547535621477,33.969282252779,0.32857376633737,1.64046573034626,0.00246429634415107,0.000476313656797367,0.00190525462718947,0,0,0.858572163812613,0.000476313656797367,2.81892564846231e-18,101.657512193518,2123.67863678092,1589.22143633274,418.169840996732,14.6298472579297,1,1,1,0,1,1,1,1,ok
custom_inlet_fixed_total_flow,ambient50RH_fixed_total_flow,initial_noegr_05,ok,,5,228,0.6,mid,0.25,0,25,0.5,0.230092198318883,0.760085992131562,0.00982180954955525,0.00259462,120.4,0.00246429634415107,114.352498568495,1.87472879435769,-0.3087717146759,2,1,73.7,74.3912795087289,74.3912795087289,73.5,0.65929548675045,10.8758935216008,181.868834704297,179.799483587413,209.22764480173,12.3011815863735,71.4956397543645,74.3912795087289,0.168764773812697,32.2889203497142,0.383752078261115,1.56595707968179,0.00246429634415107,0.000591863524609504,0.00177559057382851,0,0,0.859031894929227,0.000591863524609504,2.98155597433514e-19,102.994669626133,2169.48206433436,1633.3172805488,418.460345810602,14.709768348826,1,1,1,0,1,1,1,1,ok
custom_inlet_fixed_total_flow,ambient50RH_fixed_total_flow,initial_noegr_05,ok,,5,228,0.6,mid,0.3,0,25,0.5,0.230092198318883,0.760085992131562,0.00982180954955525,0.00259462,120.4,0.00246429634415107,114.352498568495,1.87472879435769,-0.392441512488655,2,1,73.7,74.4761998121267,74.4761998121267,73.5,0.642766083784274,9.30628755047452,181.770436868658,179.68712942924,209.241366107541,12.4002777658111,71.5380999060634,74.4761998121267,0.159049762999755,30.4301959059281,0.4385198587555,1.48228728186903,0.00246429634415107,0.000706048815627555,0.0016474472364643,0,0,0.859100691825404,0.000706048815627555,3.46944695195361e-18,104.776980746939,2229.78132635497,1691.32159213955,418.842480046647,14.8402734218296,1,1,1,0,1,1,1,1,ok
custom_inlet_fixed_total_flow,ambient50RH_fixed_total_flow,initial_noegr_05,ok,,5,228,0.6,mid,0.35,0,25,0.5,0.230092198318883,0.760085992131562,0.00982180954955525,0.00259462,120.4,0.00246429634415107,114.352498568495,1.87472879435769,-0.487429260376945,2,1,73.7,74.5943365057911,74.5943365057911,73.5,0.619748133557232,7.50208007968974,181.673582141706,179.555943708898,209.25741159503,12.4995886096881,71.5971682528955,74.5943365057911,0.148181607996092,28.3508461498523,0.49308970878065,1.38729953398074,0.00246429634415107,0.000818905997562283,0.00152082542404424,0,0,0.858541368580121,0.000818905997562283,4.77048955893622e-18,107.309493252767,2313.75080878322,1772.01413067198,419.374085038087,15.0530998203782,1,1,1,0,1,1,1,1,ok
custom_inlet_fixed_total_flow,ambient50RH_fixed_total_flow,initial_noegr_05,ok,,5,228,0.6,mid,0.4,0,25,0.5,0.230092198318883,0.760085992131562,0.00982180954955525,0.00259462,120.4,0.00246429634415107,114.352498568495,1.87472879435769,-0.596651049029168,2,1,73.7,74.7764706017298,74.7764706017298,73.5,0.584217333955511,5.40481841871438,181.578630724533,179.434690076754,209.272266824011,12.5263559723104,71.6882353008649,74.7764706017298,0.135862090698029,25.9938145028004,0.547942834871616,1.27807774532852,0.00246429634415107,0.000930503375968212,0.00139575506395232,0,0,0.856801280672918,0.000930503375968212,8.67361737988404e-18,111.329704794834,2443.3671657303,1896.41962903335,420.193672388965,15.4241595131521,1,1,1,0,1,1,1,1,ok
custom_inlet_fixed_total_flow,ambient50RH_fixed_total_flow,initial_noegr_06,ok,,6,266,0.7,mid,0,0,25,0.5,0.230092198318883,0.760085992131562,0.00982180954955525,0.002868305,133.1,0.00270450496048408,125.499070092069,1.76354485331628,0,1,1,77.1,77.1,76.914612107123,82,0.690820307142816,15.8257815702633,191.633787995037,185.878084290005,219.214974528411,11.7730217281041,74.5573060535615,76.914612107123,0.20622436550273,41.5181203848372,0.0917957786128903,1.76354485331628,0.00270450496048408,0,0.00268993869020973,0,0,0,0,6.07153216591882e-18,83.1770872292719,2396.89277280017,1854.18385462357,446.015421773705,13.5164091736327,1,1,1,0,1,1,1,1,ok
custom_inlet_fixed_total_flow,ambient50RH_fixed_total_flow,initial_noegr_06,ok,,6,266,0.7,mid,0.05,0,25,0.5,0.230092198318883,0.760085992131562,0.00982180954955525,0.002868305,133.1,0.00270450496048408,125.499070092069,1.76354485331628,-0.0515182424648104,1,1,77.1,77.1,76.9539505426383,82,0.684273981435226,14.8374151140665,191.50661578175,185.768894604311,219.224400466782,11.8772096059192,74.5769752713192,76.9539505426383,0.199322317829321,40.128565636988,0.149471713456193,1.71202661085147,0.00270450496048408,0.000133603962655439,0.00253847529045333,0,0,0.866409683283727,0.000133603962655439,1.30104260698261e-18,83.9671724005604,2424.75393501168,1881.05376220608,446.192441573183,13.5405588318598,1,1,1,0,1,1,1,1,ok
custom_inlet_fixed_total_flow,ambient50RH_fixed_total_flow,initial_noegr_06,ok,,6,266,0.7,mid,0.1,0,25,0.5,0.230092198318883,0.760085992131562,0.00982180954955525,0.002868305,133.1,0.00270450496048408,125.499070092069,1.76354485331628,-0.107478786408169,1,1,77.1,77.1,77.0012890653215,82,0.676391936502012,13.7433536703105,191.380654486814,185.655219430514,219.234226374068,11.9812384320487,74.6006445326608,77.0012890653215,0.191954367637273,38.6452130645739,0.206388462022538,1.65606606690811,0.00270450496048408,0.000265438549706029,0.00238894694735426,0,0,0.869110102441491,0.000265438549706029,3.46944695195361e-18,84.9196354027616,2458.29991824744,1913.3880854268,446.405461115405,13.5867363024699,1,1,1,0,1,1,1,1,ok
custom_inlet_fixed_total_flow,ambient50RH_fixed_total_flow,initial_noegr_06,ok,,6,266,0.7,mid,0.15,0,25,0.5,0.230092198318883,0.760085992131562,0.00982180954955525,0.002868305,133.1,0.00270450496048408,125.499070092069,1.76354485331628,-0.168685695575729,1,1,77.1,77.1,77.0593168196448,82,0.66672450323864,12.5251843456663,191.255980684856,185.535189754587,219.244615724452,12.0851447849677,74.6296584098224,77.0593168196448,0.184032056606449,37.0502537962934,0.26260303472285,1.59485915774055,0.00270450496048408,0.000395529993981423,0.0022413366325614,0,0,0.87198701674064,0.000395529993981423,2.60208521396521e-18,86.0921646532306,2499.44451421635,1953.02362777389,446.666581319743,13.6621404694825,1,1,1,0,1,1,1,1,ok
custom_inlet_fixed_total_flow,ambient50RH_fixed_total_flow,initial_noegr_06,ok,,6,266,0.7,mid,0.2,0,25,0.5,0.230092198318883,0.760085992131562,0.00982180954955525,0.002868305,133.1,0.00270450496048408,125.499070092069,1.76354485331628,-0.236146438042762,1,1,77.1,77.1,77.1322094416193,82,0.654573094025601,11.1599382443565,191.132715903709,185.405912859287,219.255821822288,12.1889856217602,74.6661047208097,77.1322094416193,0.175445016298066,35.3214679062082,0.31819389464167,1.52739841527352,0.00270450496048408,0.000523907457986443,0.00209562983194577,0,0,0.875114911656813,0.000523907457986443,7.80625564189563e-18,87.5758159109899,2551.16091182704,2002.81253068336,446.994592184023,13.7779730486659,1,1,1,0,1,1,1,1,ok
custom_inlet_fixed_total_flow,ambient50RH_fixed_total_flow,initial_noegr_06,ok,,6,266,0.7,mid,0.25,0,25,0.5,0.230092198318883,0.760085992131562,0.00982180954955525,0.002868305,133.1,0.00270450496048408,125.499070092069,1.76354485331628,-0.311141971977782,1,1,77.1,77.1,77.2269214067841,82,0.638773309197004,9.61856299451926,191.011068200619,185.262581609448,219.268266081745,12.2928522901036,74.7134607033921,77.2269214067841,0.166053470557292,33.4307149599468,0.373279094734435,1.4524028813385,0.00270450496048408,0.000650605661874056,0.00195181698562217,0,0,0.878618020612635,0.000650605661874056,2.60208521396521e-18,89.5260720141644,2618.40479605755,2067.50500180905,447.42078822624,13.9529340080941,1,1,1,0,1,1,1,1,ok
custom_inlet_fixed_total_flow,ambient50RH_fixed_total_flow,initial_noegr_06,ok,,6,266,0.7,mid,0.3,0,25,0.5,0.230092198318883,0.760085992131562,0.00982180954955525,0.002868305,133.1,0.00270450496048408,125.499070092069,1.76354485331628,-0.395330326568809,1,1,77.1,77.1,77.3562573092794,82,0.61717881250146,7.86369244494453,190.891433505858,185.096355299634,219.28272443386,12.3969017741806,74.7781286546397,77.3562573092794,0.155677096861729,31.3416915256875,0.428058669092063,1.36821452674747,0.00270450496048408,0.000775671225684821,0.00180989952659792,0,0,0.882725478462021,0.000775671225684821,9.54097911787244e-18,92.2395119931309,2710.31097399379,2155.84712663781,448.002788933709,14.2215464291346,1,1,1,0,1,1,1,1,ok
custom_inlet_fixed_total_flow,ambient50RH_fixed_total_flow,initial_noegr_06,ok,,6,266,0.7,mid,0.35,0,25,0.5,0.230092198318883,0.760085992131562,0.00982180954955525,0.002868305,133.1,0.00270450496048408,125.499070092069,1.76354485331628,-0.490915016777675,1,1,77.1,77.1,77.5496771151904,82,0.584852052955848,5.8460304181026,190.774406494709,184.938242773878,219.296504462364,12.4345769272469,74.8748385575952,77.5496771151904,0.144076344561554,29.0061700688549,0.482958566303636,1.27262983653861,0.00270450496048408,0.000899185991664483,0.00166991684166261,0,0,0.887973699108751,0.000899185991664483,6.93889390390723e-18,96.3958107574483,2847.89366261991,2287.96132371667,448.873161435114,14.6633667106751,1,1,1,0,1,1,1,1,ok
custom_inlet_fixed_total_flow,ambient50RH_fixed_total_flow,initial_noegr_06,ok,,6,266,0.7,mid,0.4,0,25,0.5,0.230092198318883,0.760085992131562,0.00982180954955525,0.002868305,133.1,0.00270450496048408,125.499070092069,1.76354485331628,-0.600945687840434,2,1,77.1,77.8855104316867,77.8855104316867,82,0.528571467697444,3.49834057464314,190.662787520823,184.707605016349,219.31665203052,12.441456228615,75.0427552158433,77.8855104316867,0.130918052521443,26.3570769238795,0.539073178785097,1.16259916547585,0.00270450496048408,0.00102133457523006,0.00153200186284509,0,0,0.867281419225568,0.00102133457523006,3.03576608295941e-18,104.198549607412,3087.42383347968,2517.34982874532,450.384380148392,15.4910749785544,1,1,1,1,0,1,1,0,oxygen_limit
custom_inlet_fixed_total_flow,ambient50RH_fixed_total_flow,initial_noegr_07,ok,,7,342,0.9,mid,0,0,25,0.5,0.230092198318883,0.760085992131562,0.00982180954955525,0.003514805,163.1,0.00331653329274565,153.899456739937,1.68204890782541,0,2,1,80.5,78.6389069192039,78.6389069192039,98.9,0.673216072018498,16.4176200899512,210.136391010092,201.966459476356,237.578606303375,11.5582574360554,76.4194534596019,78.6389069192039,0.20622436550273,45.6426076948918,0.0927226538008417,1.68204890782541,0.00331653329274565,0,0.00326903998482378,0,0,0,0,6.93889390390723e-18,77.7226187464055,3178.04965391478,2622.14442331481,462.774770245942,15.4078416076183,1,1,1,0,1,1,1,1,ok
custom_inlet_fixed_total_flow,ambient50RH_fixed_total_flow,initial_noegr_07,ok,,7,342,0.9,mid,0.05,0,25,0.5,0.230092198318883,0.760085992131562,0.00982180954955525,0.003514805,163.1,0.00331653329274565,153.899456739937,1.68204890782541,-0.0507993094362289,2,1,80.5,78.6947131465528,78.6947131465528,98.9,0.665985608917385,15.2723620460028,209.985300684442,201.830756030237,237.588372949223,11.6673031612468,76.4473565732764,78.6947131465528,0.199127326280399,44.0718554890092,0.149851837123272,1.63124959838918,0.00331653329274565,0.000162395250926895,0.003085509767611,0,0,0.877609061183253,0.000162395250926895,4.77048955893622e-18,78.8239627484298,3217.61474800407,2660.2625796969,463.025893863637,15.5023116951049,1,1,1,0,1,1,1,1,ok
custom_inlet_fixed_total_flow,ambient50RH_fixed_total_flow,initial_noegr_07,ok,,7,342,0.9,mid,0.1,0,25,0.5,0.230092198318883,0.760085992131562,0.00982180954955525,0.003514805,163.1,0.00331653329274565,153.899456739937,1.68204890782541,-0.106063271684382,2,1,80.5,78.762749090447,78.762749090447,98.9,0.657166258881596,14.0046872695995,209.835677651961,201.687089353609,237.598728076696,11.7764175791745,76.4813745452235,78.762749090447,0.191535812919474,42.3916637944026,0.206337673032955,1.57598563614103,0.00331653329274565,0.000322697018999982,0.00290427317099984,0,0,0.878434664238127,0.000322697018999982,9.21571846612679e-19,80.1707850674962,3265.87423139991,2706.73417852119,463.332050223871,15.6372175873447,1,1,1,0,1,1,1,1,ok
custom_inlet_fixed_total_flow,ambient50RH_fixed_total_flow,initial_noegr_07,ok,,7,342,0.9,mid,0.15,0,25,0.5,0.230092198318883,0.760085992131562,0.00982180954955525,0.003514805,163.1,0.00331653329274565,153.899456739937,1.68204890782541,-0.1665994527592,2,1,80.5,78.8474331502743,78.8474331502743,98.9,0.646183113560708,12.5932603119318,209.687677357827,201.532148674034,237.609913580505,11.8856639148241,76.5237165751371,78.8474331502743,0.183356693171801,40.5814201162488,0.262256183127365,1.51544945506621,0.00331653329274565,0.000480938294160953,0.0027253170002454,0,0,0.878932513661595,0.000480938294160953,1.30104260698261e-18,81.8567421749389,3325.97400259581,2764.57718082865,463.713121749266,15.8269578429492,1,1,1,0,1,1,1,1,ok
custom_inlet_fixed_total_flow,ambient50RH_fixed_total_flow,initial_noegr_07,ok,,7,342,0.9,mid,0.2,0,25,0.5,0.230092198318883,0.760085992131562,0.00982180954955525,0.003514805,163.1,0.00331653329274565,153.899456739937,1.68204890782541,-0.233421429876471,2,1,80.5,78.9558714416448,78.9558714416448,98.9,0.632110963184732,11.0114414169935,209.54155482224,201.360615970511,237.622318495809,11.9951438039745,76.5779357208224,78.9558714416448,0.174473496481688,38.6153466088096,0.317719555543411,1.44862747794894,0.00331653329274565,0.00063715856513795,0.0025486342605518,0,0,0.878970176439666,0.00063715856513795,2.16840434497101e-18,84.0356046838224,3402.97680945315,2838.64537409977,464.201085344983,16.0947453245667,1,1,1,0,1,1,1,1,ok
custom_inlet_fixed_total_flow,ambient50RH_fixed_total_flow,initial_noegr_07,ok,,7,342,0.9,mid,0.25,0,25,0.5,0.230092198318883,0.760085992131562,0.00982180954955525,0.003514805,163.1,0.00331653329274565,153.899456739937,1.68204890782541,-0.307821861094962,2,1,80.5,79.1005056253305,79.1005056253305,98.9,0.613328395254598,9.22546838157914,209.397768911323,201.163183067243,237.636624670671,12.1050298498284,76.6502528126653,79.1005056253305,0.164738118913224,36.4606641684693,0.372910587956377,1.37422704673045,0.00331653329274565,0.000791410326895265,0.00237423098068579,0,0,0.878317171518105,0.000791410326895265,3.03576608295941e-18,86.9848102701987,3505.75502116684,2937.43695132519,464.851927374746,16.4813321967022,1,1,1,0,1,1,1,1,ok
custom_inlet_fixed_total_flow,ambient50RH_fixed_total_flow,initial_noegr_07,ok,,7,342,0.9,mid,0.3,0,25,0.5,0.230092198318883,0.760085992131562,0.00982180954955525,0.003514805,163.1,0.00331653329274565,153.899456739937,1.68204890782541,-0.391490377503184,2,1,80.5,79.3093024024832,79.3093024024832,98.9,0.586198197504223,7.19147436907522,209.257092334414,200.976500916961,237.650180842202,12.148043064938,76.7546512012416,79.3093024024832,0.153956881998883,34.0745069084027,0.428201532732662,1.29055853032222,0.00331653329274565,0.000943784235344742,0.0022021632158044,0,0,0.876465711586989,0.000943784235344742,3.03576608295941e-18,91.2868617828212,3654.21146325689,3080.05440523044,465.791495663727,17.0787005799064,1,1,1,0,1,1,1,1,ok
custom_inlet_fixed_total_flow,ambient50RH_fixed_total_flow,initial_noegr_07,ok,,7,342,0.9,mid,0.35,0,25,0.5,0.230092198318883,0.760085992131562,0.00982180954955525,0.003514805,163.1,0.00331653329274565,153.899456739937,1.68204890782541,-0.486699337071679,2,1,80.5,79.641590799585,79.641590799585,98.9,0.542934740440146,4.85139740409667,209.121986304237,200.72997043084,237.668125237603,12.1557419293011,76.9207953997925,79.641590799585,0.141868704443265,31.3990910109056,0.484391976905072,1.19534957075373,0.00331653329274565,0.00109445152353091,0.00203255282941454,0,0,0.872333999087719,0.00109445152353091,5.20417042793042e-18,98.5581657343026,3890.94910031152,3307.02185150091,467.286764365469,18.0823187108405,1,1,1,1,0,1,1,0,oxygen_limit
custom_inlet_fixed_total_flow,ambient50RH_fixed_total_flow,initial_noegr_07,ok,,7,342,0.9,mid,0.4,0,25,0.5,0.230092198318883,0.760085992131562,0.00982180954955525,0.003514805,163.1,0.00331653329274565,153.899456739937,1.68204890782541,-0.596867422639681,1,1,80.5,80.5,80.3381614040948,98.9,0.451787140786616,2.11960419530544,209.002772952358,200.211736516072,237.706001661023,12.1682132532926,77.2690807020474,80.3381614040948,0.128068104677352,28.3446732677149,0.544523739959203,1.08518148518573,0.00331653329274565,0.00124404372867762,0.00186606559301643,0,0,0.855995174101916,0.00124404372867762,1.30104260698261e-18,116.188255648813,4389.70876561564,3782.80846027709,470.421261565404,20.2907881243305,1,1,1,1,0,1,1,0,oxygen_limit
custom_inlet_fixed_total_flow,ambient50RH_fixed_total_flow,initial_noegr_08,ok,,8,418,1.1,mid,0,0,25,0.5,0.230092198318883,0.760085992131562,0.00982180954955525,0.00429707,199.4,0.00407571939672072,189.128510288664,1.69125213787844,-2.22044604925031e-16,2,1,81.8,81.2521338062184,81.2521338062184,114.9,0.663048153567703,18.0666217097981,228.334327178493,221.183030524737,258.196124536156,11.3080186790816,77.8760669031092,81.2521338062184,0.20622436550273,49.7670950049464,0.0998353525197286,1.69125213787844,0.00407571939672072,0,0.00400694092197015,0,0,0,0,2.16840434497101e-18,153.045932491542,3952.2859489392,3294.63940222197,475.883989944253,28.7166242814415,1,1,1,0,1,1,1,1,ok
custom_inlet_fixed_total_flow,ambient50RH_fixed_total_flow,initial_noegr_08,ok,,8,418,1.1,mid,0.05,0,25,0.5,0.230092198318883,0.760085992131562,0.00982180954955525,0.00429707,199.4,0.00407571939672072,189.128510288664,1.69125213787844,-0.0505858142937021,1,1,81.8,81.8,81.3231126163248,114.9,0.656171676496156,16.8246098498289,228.156258892713,221.023813265732,258.208907485046,11.4232265344566,77.9115563081624,81.3231126163248,0.199206538002858,48.0735177835397,0.15975882781219,1.64066632358474,0.00407571939672072,0.000199103830664662,0.00378297278262858,0,0,0.819039232596303,0.000199103830664662,1.73472347597681e-18,154.898796956547,3998.27582759371,3338.33227514721,476.203387178274,28.8413683116803,1,1,1,0,1,1,1,1,ok
custom_inlet_fixed_total_flow,ambient50RH_fixed_total_flow,initial_noegr_08,ok,,8,418,1.1,mid,0.1,0,25,0.5,0.230092198318883,0.760085992131562,0.00982180954955525,0.00429707,199.4,0.00407571939672072,189.128510288664,1.69125213787844,-0.105656487996011,1,1,81.8,81.8,81.4101022737968,114.9,0.647737674425701,15.4499901003657,227.9798909863,220.853510107813,258.222602561748,11.5387900019206,77.9550511368984,81.4101022737968,0.191691313927556,46.2599063335675,0.219133361197992,1.58559564988243,0.00407571939672072,0.000395744215537237,0.00356169793983513,0,0,0.822589841287676,0.000395744215537237,2.16840434497101e-18,157.175129116696,4054.68243344091,3391.88104315155,476.594831531569,29.0314296411032,1,1,1,0,1,1,1,1,ok
custom_inlet_fixed_total_flow,ambient50RH_fixed_total_flow,initial_noegr_08,ok,,8,418,1.1,mid,0.15,0,25,0.5,0.230092198318883,0.760085992131562,0.00982180954955525,0.00429707,199.4,0.00407571939672072,189.128510288664,1.69125213787844,-0.166022524754919,1,1,81.8,81.8,81.5188085384734,114.9,0.637189804764974,13.9196262524323,227.805461134949,220.667701615862,258.237570646387,11.6547956207038,78.0094042692367,81.5188085384734,0.183585579120889,44.3037898813485,0.278054403985612,1.52522961312352,0.00407571939672072,0.000589960185199354,0.00334310771612967,0,0,0.826482419354567,0.000589960185199354,5.20417042793042e-18,160.034838382226,4125.22658573185,3458.7980307359,477.083998283777,29.3097183299496,1,1,1,0,1,1,1,1,ok
custom_inlet_fixed_total_flow,ambient50RH_fixed_total_flow,initial_noegr_08,ok,,8,418,1.1,mid,0.2,0,25,0.5,0.230092198318883,0.760085992131562,0.00982180954955525,0.00429707,199.4,0.00407571939672072,189.128510288664,1.69125213787844,-0.232702184401234,1,1,81.8,81.8,81.6583621725365,114.9,0.623636875880896,12.2046106123834,227.633356616076,220.459314849715,258.254390123206,11.7713826237845,78.0791810862683,81.6583621725365,0.174772716717622,42.1770258618802,0.336665727634858,1.45854995347721,0.00407571939672072,0.000781800661483317,0.00312720264593327,0,0,0.83086669382296,0.000781800661483317,4.33680868994202e-18,163.739702550563,4215.86857410857,3544.70390583413,477.711974817604,29.712990906276,1,1,1,0,1,1,1,1,ok
custom_inlet_fixed_total_flow,ambient50RH_fixed_total_flow,initial_noegr_08,ok,,8,418,1.1,mid,0.25,0,25,0.5,0.230092198318883,0.760085992131562,0.00982180954955525,0.00429707,199.4,0.00407571939672072,189.128510288664,1.69125213787844,-0.306998852330791,1,1,81.8,81.8,81.8466808305367,114.9,0.60535485007183,10.2681086966605,227.464273452933,220.234830051304,258.272548259372,11.8662655470556,78.1733404152684,81.8466808305367,0.165103637370474,39.8436352884295,0.395220377779961,1.38425328554765,0.00407571939672072,0.000971339127490366,0.0029140173824711,0,0,0.836038788238329,0.000971339127490366,8.67361737988404e-19,168.637163127869,4338.1387627196,3660.62841766507,478.559389188763,30.3137927379032,1,1,1,0,1,1,1,1,ok
custom_inlet_fixed_total_flow,ambient50RH_fixed_total_flow,initial_noegr_08,ok,,8,418,1.1,mid,0.3,0,25,0.5,0.230092198318883,0.760085992131562,0.00982180954955525,0.00429707,199.4,0.00407571939672072,189.128510288664,1.69125213787844,-0.390620752726883,1,1,81.8,81.8,82.1195716967202,114.9,0.578790427551969,8.06229061268437,227.299483146765,220.026058392418,258.289473351556,11.8738024477563,78.3097858483601,82.1195716967202,0.15438274189567,37.2564151879725,0.454216667081187,1.30063138515156,0.00407571939672072,0.00115870383409387,0.00270364227955236,0,0,0.84259605495175,0.00115870383409387,1.02999206386123e-18,176.143714587564,4515.80162053243,3828.61335641065,479.787368060383,31.2571814738402,1,1,1,0,1,1,1,1,ok
custom_inlet_fixed_total_flow,ambient50RH_fixed_total_flow,initial_noegr_08,ok,,8,418,1.1,mid,0.35,0,25,0.5,0.230092198318883,0.760085992131562,0.00982180954955525,0.00429707,199.4,0.00407571939672072,189.128510288664,1.69125213787844,-0.485866197613853,2,1,81.8,82.5455153859323,82.5455153859323,114.9,0.53721563625791,5.52405916191472,227.142558137602,219.700053131966,258.315972062527,11.8835633520271,78.5227576929662,82.5455153859323,0.14234651383704,34.3517724517237,0.514648302929018,1.20538594026459,0.00407571939672072,0.00134412407206727,0.0024962304195535,0,0,0.826710135542803,0.00134412407206727,5.20417042793042e-18,188.515082251299,4793.8538247071,4090.81350908728,481.704065176366,32.821168192148,1,1,1,0,1,1,1,1,ok
custom_inlet_fixed_total_flow,ambient50RH_fixed_total_flow,initial_noegr_08,ok,,8,418,1.1,mid,0.4,0,25,0.5,0.230092198318883,0.760085992131562,0.00982180954955525,0.00429707,199.4,0.00407571939672072,189.128510288664,1.69125213787844,-0.596247958817606,2,1,81.8,83.4077982628688,83.4077982628688,114.9,0.452413876750049,2.55863920432734,227.007634578308,219.036177486014,258.370198956159,11.8996539974089,78.9538991314344,83.4077982628688,0.128577397252059,31.0289403918532,0.580281855776995,1.09500417906084,0.00407571939672072,0.00152847788909044,0.00229271683363566,0,0,0.814217767449801,0.00152847788909044,7.37257477290143e-18,217.647858450463,5361.00799229567,4621.61078319318,485.584221591476,36.165129060553,1,1,1,1,0,1,1,0,oxygen_limit
custom_inlet_fixed_total_flow,ambient50RH_fixed_total_flow,initial_noegr_09,ok,,9,494,1.3,high,0,0,25,0.5,0.230092198318883,0.760085992131562,0.00982180954955525,0.005066405,235.1,0.00487155127626889,226.058063863986,1.71049060577994,0,1,1,82.6,82.6,82.2722879874386,119.9,0.645496069118259,18.9876114507312,235.688211842626,231.716266203894,268.471492967745,11.0604362855563,78.2861439937193,82.2722879874386,0.20622436550273,51.8293386599737,0.104849270283734,1.71049060577994,0.00487155127626889,0,0.0047876728797593,0,0,0,0,5.63785129692462e-18,58.4183415458475,4809.61506968928,4231.12704221277,479.575062270108,40.4946236605533,1,1,1,0,1,1,1,1,ok
custom_inlet_fixed_total_flow,ambient50RH_fixed_total_flow,initial_noegr_09,ok,,9,494,1.3,high,0.05,0,25,0.5,0.230092198318883,0.760085992131562,0.00982180954955525,0.005066405,235.1,0.00487155127626889,226.058063863986,1.71049060577994,-0.0505426276533483,1,1,82.6,82.6,82.3279967332551,119.9,0.639145111661033,17.7184881374368,235.479270314223,231.558858021319,268.485766261904,11.1846544429122,78.3139983666275,82.3279967332551,0.199293258848676,50.0873782801435,0.166816919833049,1.65994797812659,0.00487155127626889,0.000237926164387507,0.00452059712336264,0,0,0.801193823930267,0.000237926164387507,4.33680868994202e-18,58.9353486696783,4859.81303743119,4280.51873899442,479.825749558253,40.5332002088385,1,1,1,0,1,1,1,1,ok
custom_inlet_fixed_total_flow,ambient50RH_fixed_total_flow,initial_noegr_09,ok,,9,494,1.3,high,0.1,0,25,0.5,0.230092198318883,0.760085992131562,0.00982180954955525,0.005066405,235.1,0.00487155127626889,226.058063863986,1.71049060577994,-0.105572352092106,1,1,82.6,82.6,82.3967812021677,119.9,0.631296558276863,16.3143673990994,235.271929464237,231.392750139682,268.500851213649,11.3094940444972,78.3483906010839,82.3967812021677,0.191868925578955,48.2214577211309,0.228238666450113,1.60491825368783,0.00487155127626889,0.000472959050808536,0.00425663145727683,0,0,0.804679548275332,0.000472959050808536,4.33680868994202e-19,59.5733535223353,4921.84800337967,4341.50344790291,480.135277116341,40.6359248380899,1,1,1,0,1,1,1,1,ok
custom_inlet_fixed_total_flow,ambient50RH_fixed_total_flow,initial_noegr_09,ok,,9,494,1.3,high,0.15,0,25,0.5,0.230092198318883,0.760085992131562,0.00982180954955525,0.005066405,235.1,0.00487155127626889,226.058063863986,1.71049060577994,-0.165896216509795,1,1,82.6,82.6,82.4831900781484,119.9,0.621429082934216,14.751722580534,235.066410978322,231.214445682741,268.517069911929,11.4350323905454,78.3915950390742,82.4831900781484,0.183859827598273,46.2085711711361,0.289192782670944,1.54459438927015,0.00487155127626889,0.000705135458344505,0.00399576759728553,0,0,0.808432959971025,0.000705135458344505,1.30104260698261e-18,60.3777292137091,4999.84052848795,4418.11405601035,480.524113840751,40.8246294231412,1,1,1,0,1,1,1,1,ok
custom_inlet_fixed_total_flow,ambient50RH_fixed_total_flow,initial_noegr_09,ok,,9,494,1.3,high,0.2,0,25,0.5,0.230092198318883,0.760085992131562,0.00982180954955525,0.005066405,235.1,0.00487155127626889,226.058063863986,1.71049060577994,-0.232527022499639,1,1,82.6,82.6,82.5944516509967,119.9,0.608715860491914,13.0011789166406,234.863069238624,231.018393734851,268.534934239024,11.5613944745081,78.4472258254984,82.5944516509967,0.175151454732166,44.0199393605615,0.349796691688761,1.4779635832803,0.00487155127626889,0.000934501293608687,0.00373800517443475,0,0,0.812568517332866,0.000934501293608687,8.23993651088983e-18,61.4077455405044,5100.32583867191,4516.75921308624,481.024786798503,41.1340932466692,1,1,1,0,1,1,1,1,ok
custom_inlet_fixed_total_flow,ambient50RH_fixed_total_flow,initial_noegr_09,ok,,9,494,1.3,high,0.25,0,25,0.5,0.230092198318883,0.760085992131562,0.00982180954955525,0.005066405,235.1,0.00487155127626889,226.058063863986,1.71049060577994,-0.30676766215082,1,1,82.6,82.6,82.7517564175324,119.9,0.590738883150887,11.0248197354937,234.662505557707,230.884507650703,268.54715359543,11.582983165273,78.5258782087662,82.7517564175324,0.165596177178088,41.618459229283,0.410312017635737,1.40372294362912,0.00487155127626889,0.00116114520615634,0.00348343561846902,0,0,0.817430857720036,0.00116114520615634,3.90312782094782e-18,62.7890496178235,5242.41586757539,4656.22659233984,481.732652722697,41.6675728950251,1,1,1,0,1,1,1,1,ok
custom_inlet_fixed_total_flow,ambient50RH_fixed_total_flow,initial_noegr_09,ok,,9,494,1.3,high,0.3,0,25,0.5,0.230092198318883,0.760085992131562,0.00982180954955525,0.005066405,235.1,0.00487155127626889,226.058063863986,1.71049060577994,-0.39029204178112,1,1,82.6,82.6,82.9710386135846,119.9,0.565640970821768,8.77527472875273,234.465812654725,230.717985281529,268.562373094555,11.5903513935325,78.6355193067923,82.9710386135846,0.155006002559214,38.9568835931946,0.471057867698133,1.32019856399882,0.00487155127626889,0.00138515338204889,0.00323202455811408,0,0,0.823269764980468,0.00138515338204889,3.03576608295941e-18,64.9263022180219,5440.78976662474,4850.64337719948,482.719414055922,42.5006731513165,1,1,1,0,1,1,1,1,ok
custom_inlet_fixed_total_flow,ambient50RH_fixed_total_flow,initial_noegr_10,ok,,10,570,1.5,high,0,0,25,0.5,0.230092198318883,0.760085992131562,0.00982180954955525,0.00585298,271.6,0.00564791875910844,262.084397174406,1.71867575115705,0,1,1,83.1,83.1,82.7758426762544,112.5,0.620250744236538,18.5082770794674,230.927919108874,231.566105181154,268.377669658878,10.8272649378269,78.9379213381272,82.7758426762544,0.20622436550273,51.8087162234234,0.101351663400629,1.71867575115705,0.00564791875910844,0,0.00559605985813053,0,0,0,0,9.97465998686664e-18,72.1014685743744,5779.79321256277,5176.68423781486,485.44100363727,45.5665025362706,1,1,1,0,1,1,1,1,ok
custom_inlet_fixed_total_flow,ambient50RH_fixed_total_flow,initial_noegr_10,ok,,10,570,1.5,high,0.05,0,25,0.5,0.230092198318883,0.760085992131562,0.00982180954955525,0.00585298,271.6,0.00564791875910844,262.084397174406,1.71867575115705,-0.0512323936230399,1,1,83.1,83.1,82.8398453552238,112.5,0.614336598696345,17.2699711180644,230.673426576756,231.38669868214,268.396690423534,10.9667471635019,78.9699226776119,82.8398453552238,0.199196587411489,50.0431626724514,0.165012624842129,1.66744335753401,0.00564791875910844,0.00027802852088369,0.0052825418967901,0,0,0.794728844792011,0.00027802852088369,6.50521303491303e-18,72.8640883660294,5833.73021988933,5229.47739258645,485.729012642154,45.6597262946925,1,1,1,0,1,1,1,1,ok
custom_inlet_fixed_total_flow,ambient50RH_fixed_total_flow,initial_noegr_10,ok,,10,570,1.5,high,0.1,0,25,0.5,0.230092198318883,0.760085992131562,0.00982180954955525,0.00585298,271.6,0.00564791875910844,262.084397174406,1.71867575115705,-0.106966155585415,1,1,83.1,83.1,82.9200278610519,112.5,0.606920257778899,15.9007320609422,230.420876867708,231.196530467098,268.416887467526,11.1072850227265,79.0100139305259,82.9200278610519,0.191679637736475,48.1547169903461,0.228169874854385,1.61170959557164,0.00564791875910844,0.000552534186890609,0.00497280768201548,0,0,0.798826961199023,0.000552534186890609,4.33680868994202e-18,73.8154941100887,5901.36724905644,5295.61661825955,486.089830112757,45.8453065740431,1,1,1,0,1,1,1,1,ok
custom_inlet_fixed_total_flow,ambient50RH_fixed_total_flow,initial_noegr_10,ok,,10,570,1.5,high,0.15,0,25,0.5,0.230092198318883,0.760085992131562,0.00982180954955525,0.00585298,271.6,0.00564791875910844,262.084397174406,1.71867575115705,-0.168011974359182,1,1,83.1,83.1,83.0219737686947,112.5,0.597482881581467,14.3777105048888,230.170605774633,230.991315220605,268.438723501946,11.2489787888563,79.0609868843474,83.0219737686947,0.183582250578954,46.1204509016978,0.290917758101214,1.55066377679787,0.00564791875910844,0.000823562607118511,0.00466685477367156,0,0,0.803253140197485,0.000823562607118511,4.33680868994202e-18,75.0255063805808,5987.43611997702,5379.70757177229,486.548581857101,46.1544599670448,1,1,1,0,1,1,1,1,ok
custom_inlet_fixed_total_flow,ambient50RH_fixed_total_flow,initial_noegr_10,ok,,10,570,1.5,high,0.2,0,25,0.5,0.230092198318883,0.760085992131562,0.00982180954955525,0.00585298,271.6,0.00564791875910844,262.084397174406,1.71867575115705,-0.235397962219887,1,1,83.1,83.1,83.1630811811735,112.5,0.584433867800247,12.6716639519585,229.923505913172,230.820223695277,268.456961637035,11.3244873032021,79.1315405905867,83.1630811811735,0.174788402865555,43.911216509899,0.35345387308636,1.48327778893716,0.00564791875910844,0.00109119816816233,0.00436479267264934,0,0,0.808281995728576,0.00109119816816233,8.67361737988404e-19,76.4713671871114,6106.44312566175,5496.10139524396,487.183559429812,46.6868038008623,1,1,1,0,1,1,1,1,ok
custom_inlet_fixed_total_flow,ambient50RH_fixed_total_flow,initial_noegr_10,ok,,10,570,1.5,high,0.25,0,25,0.5,0.230092198318883,0.760085992131562,0.00982180954955525,0.00585298,271.6,0.00564791875910844,262.084397174406,1.71867575115705,-0.310431383527635,1,1,83.1,83.1,83.3579223214087,112.5,0.566369836091705,10.7464581775516,229.680262011578,230.672889116919,268.472691788357,11.3321676263678,79.2289611607044,83.3579223214087,0.165151414396966,41.4901640818777,0.416048641527989,1.40824436762942,0.00564791875910844,0.00135553757429005,0.00406661272287014,0,0,0.814145710001023,0.00135553757429005,1.30104260698261e-18,78.7859417104227,6271.18709484365,5656.81777412739,488.060335302572,47.5230437032672,1,1,1,0,1,1,1,1,ok
custom_inlet_fixed_total_flow,ambient50RH_fixed_total_flow,initial_noegr_10,ok,,10,570,1.5,high,0.3,0,25,0.5,0.230092198318883,0.760085992131562,0.00982180954955525,0.00585298,271.6,0.00564791875910844,262.084397174406,1.71867575115705,-0.39480335420564,2,1,83.1,83.6274415489112,83.6274415489112,112.5,0.541358387651512,8.5559058423217,229.44234673094,230.46981541973,268.494409051983,11.3411231729035,79.3637207744556,83.6274415489112,0.154482594860633,38.8098898938626,0.47909799048631,1.32387239695141,0.00564791875910844,0.00161670131676598,0.00377230307245395,0,0,0.804202225026778,0.00161670131676598,4.33680868994202e-19,82.1059864805706,6499.29150461821,5879.13292442963,489.273158546154,48.7794351618536,1,1,1,0,1,1,1,1,ok
custom_inlet_fixed_total_flow,ambient50RH_fixed_total_flow,initial_noegr_11,ok,,11,646,1.7,high,0,0,25,0.5,0.230092198318883,0.760085992131562,0.00982180954955525,0.00665464,308.8,0.00645573634460648,299.570132000301,1.73337940168276,0,1,1,83,83,82.840347181074,104.4,0.594227960265835,18.1529363138054,225.514995438408,232.269642851336,268.182348368781,10.6136027751972,78.970173590537,82.840347181074,0.20622436550273,51.849961096524,0.101432349370099,1.73337940168276,0.00645573634460648,0,0.00643136656561448,0,0,0,0,1.13841228110978e-18,31.1429033189188,6819.40380269233,6249.73705598432,485.731437743219,52.7924056458723,1,1,1,0,1,1,1,1,ok
custom_inlet_fixed_total_flow,ambient50RH_fixed_total_flow,initial_noegr_11,ok,,11,646,1.7,high,0.05,0,25,0.5,0.230092198318883,0.760085992131562,0.00982180954955525,0.00665464,308.8,0.00645573634460648,299.570132000301,1.73337940168276,-0.0516982681674474,1,1,83,83,82.8934930476057,104.4,0.588940333949497,16.9529428831965,225.216194887942,232.085716745671,268.204562225479,10.7687000780479,78.9967465238028,82.8934930476057,0.199169200713652,50.0761162894299,0.167316621840948,1.68168113351531,0.00645573634460648,0.000319484925449095,0.0060702135835328,0,0,0.786684328914603,0.000319484925449095,3.03576608295941e-18,31.4405261695161,6874.056708298,6303.82968717827,485.970592952121,52.8159019980868,1,1,1,0,1,1,1,1,ok
custom_inlet_fixed_total_flow,ambient50RH_fixed_total_flow,initial_noegr_11,ok,,11,646,1.7,high,0.1,0,25,0.5,0.230092198318883,0.760085992131562,0.00982180954955525,0.00665464,308.8,0.00645573634460648,299.570132000301,1.73337940168276,-0.107905021501443,1,1,83,83,82.9614521441371,104.4,0.582170632450902,15.6269674728393,224.919230209259,231.892554563952,268.227933546445,10.9253545474475,79.0307260720685,82.9614521441371,0.191630295197495,48.1806469700303,0.232702412535789,1.62547438018132,0.00645573634460648,0.000634827642200568,0.00571344877980511,0,0,0.791048597410566,0.000634827642200568,8.67361737988404e-19,31.815838743623,6944.02834298747,6372.99944275952,486.276407385262,52.9366540990646,1,1,1,0,1,1,1,1,ok
custom_inlet_fixed_total_flow,ambient50RH_fixed_total_flow,initial_noegr_11,ok,,11,646,1.7,high,0.15,0,25,0.5,0.230092198318883,0.760085992131562,0.00982180954955525,0.00665464,308.8,0.00645573634460648,299.570132000301,1.73337940168276,-0.16943208684426,1,1,83,83,83.0519656665577,104.4,0.573158981932719,14.1528141011701,224.62464865432,231.701820780209,268.251053381028,11.0646566783737,79.0759828332788,83.0519656665577,0.183517206134191,46.1408135522889,0.297688929419365,1.5639473148385,0.00645573634460648,0.000946079467014727,0.00536111697975012,0,0,0.795750649822668,0.000946079467014727,1.30104260698261e-18,32.1582174421071,7037.17276274341,6465.12556311118,486.68371686664,53.2052653234897,1,1,1,0,1,1,1,1,ok
custom_inlet_fixed_total_flow,ambient50RH_fixed_total_flow,initial_noegr_11,ok,,11,646,1.7,high,0.2,0,25,0.5,0.230092198318883,0.760085992131562,0.00982180954955525,0.00665464,308.8,0.00645573634460648,299.570132000301,1.73337940168276,-0.237315858409094,1,1,83,83,83.1879183503325,104.4,0.559588218831541,12.5018328126554,224.333777554752,231.600592227665,268.263341343368,11.0719767993493,79.1439591751662,83.1879183503325,0.174713766528566,43.9274087494448,0.362517773773759,1.49606354327367,0.00645573634460648,0.00125335611890715,0.0050134244756286,0,0,0.801147544978415,0.00125335611890715,2.00577401909818e-18,32.8716323787244,7177.44017015719,6603.50021325873,487.295501089967,53.7728234297707,1,1,1,0,1,1,1,1,ok
custom_inlet_fixed_total_flow,ambient50RH_fixed_total_flow,initial_noegr_11,ok,,11,646,1.7,high,0.25,0,25,0.5,0.230092198318883,0.760085992131562,0.00982180954955525,0.00665464,308.8,0.00645573634460648,299.570132000301,1.73337940168276,-0.312843109490787,1,1,83,83,83.36463852247,104.4,0.541936982605972,10.6407340224812,224.046249641338,231.469981715615,268.279213508935,11.0800359006346,79.232319261235,83.36463852247,0.165078551146103,41.504874721909,0.427339127618549,1.42053629219197,0.00645573634460648,0.00155670069918262,0.00467010209754787,0,0,0.807167447550894,0.00155670069918262,8.67361737988404e-19,33.82167129655,7359.88334778467,6783.36859483842,488.09073806443,54.6023435852738,1,1,1,0,1,1,1,1,ok
custom_inlet_fixed_total_flow,ambient50RH_fixed_total_flow,initial_noegr_11,ok,,11,646,1.7,high,0.3,0,25,0.5,0.230092198318883,0.760085992131562,0.00982180954955525,0.00665464,308.8,0.00645573634460648,299.570132000301,1.73337940168276,-0.397705193955874,2,1,83,83.6078393399249,83.6078393399249,104.4,0.517628863172239,8.52452776087723,223.763963111483,231.291252926227,268.300965311282,11.0893073707234,79.3539196699624,83.6078393399249,0.154424778594846,38.8262499582091,0.492546556820718,1.33567420772689,0.00645573634460648,0.00185625259814398,0.00433125606233594,0,0,0.794839445323346,0.00185625259814398,8.67361737988404e-18,35.1848153943606,7611.13207025173,7030.9019012994,489.1851362904,55.8602172675756,1,1,1,0,1,1,1,1,ok
custom_inlet_fixed_total_flow,ambient50RH_fixed_total_flow,initial_noegr_12,ok,,12,684,1.8,high,0,0,25,0.5,0.230092198318883,0.760085992131562,0.00982180954955525,0.00702961,326.2,0.006816864751711,316.327830705847,1.72865744111322,0,1,1,83.2,83.2,83.0878445051577,99.9,0.580312251010136,17.7262795064991,222.290421712567,232.525462225671,268.310130508499,10.5146918545326,79.1939222525789,83.0878445051577,0.20622436550273,51.8087162234234,0.100508437571326,1.72865744111322,0.006816864751711,0,0.00681520669110059,0,0,0,0,3.46944695195361e-18,38.0243472055505,7372.83872494507,6790.78475432247,487.745148175821,56.2844752412229,1,1,1,0,1,1,1,1,ok
custom_inlet_fixed_total_flow,ambient50RH_fixed_total_flow,initial_noegr_12,ok,,12,684,1.8,high,0.05,0,25,0.5,0.230092198318883,0.760085992131562,0.00982180954955525,0.00702961,326.2,0.006816864751711,316.327830705847,1.72865744111322,-0.0520082966631072,1,1,83.2,83.2,83.1444117259876,99.9,0.575226868109534,16.5392499158697,221.967453496167,232.331362753083,268.335060866057,10.6778748462744,79.2222058629938,83.1444117259876,0.199092159817521,50.0169278501566,0.167761336137308,1.67664914445012,0.006816864751711,0.000338508614942632,0.00643166368391001,0,0,0.780898600258371,0.000338508614942632,3.90312782094782e-18,38.4121442397633,7428.49315540926,6845.75668990293,487.999699118367,56.3246221482036,1,1,1,0,1,1,1,1,ok
custom_inlet_fixed_total_flow,ambient50RH_fixed_total_flow,initial_noegr_12,ok,,12,684,1.8,high,0.1,0,25,0.5,0.230092198318883,0.760085992131562,0.00982180954955525,0.00702961,326.2,0.006816864751711,316.327830705847,1.72865744111322,-0.10853400117815,1,1,83.2,83.2,83.2177205105114,99.9,0.568627686301959,15.227997283698,221.646509332142,232.126854227419,268.361378387008,10.8429215714546,79.2588602552557,83.2177205105114,0.191475580046978,48.103452597302,0.234537916096752,1.62012343993507,0.006816864751711,0.000672540771516925,0.00605286694365233,0,0,0.785561701613988,0.000672540771516925,2.60208521396521e-18,38.9057133727348,7500.71460111136,6916.99805833117,488.329586674448,56.4812427330057,1,1,1,0,1,1,1,1,ok
custom_inlet_fixed_total_flow,ambient50RH_fixed_total_flow,initial_noegr_12,ok,,12,684,1.8,high,0.15,0,25,0.5,0.230092198318883,0.760085992131562,0.00982180954955525,0.00702961,326.2,0.006816864751711,316.327830705847,1.72865744111322,-0.170397282493169,1,1,83.2,83.2,83.3229470299192,99.9,0.559163362021111,13.7700761079475,221.328837662276,231.953466726786,268.383731644204,10.9526079645048,79.3114735149596,83.3229470299192,0.183282729296442,46.0452036674988,0.300982776669729,1.55826015862005,0.006816864751711,0.00100217348893179,0.00567898310394679,0,0,0.790700929469596,0.00100217348893179,3.46944695195361e-18,39.3706453918011,7604.29216604097,7019.25724470423,488.803104152055,56.8611717928801,1,1,1,0,1,1,1,1,ok
custom_inlet_fixed_total_flow,ambient50RH_fixed_total_flow,initial_noegr_12,ok,,12,684,1.8,high,0.2,0,25,0.5,0.230092198318883,0.760085992131562,0.00982180954955525,0.00702961,326.2,0.006816864751711,316.327830705847,1.72865744111322,-0.238634641933555,1,1,83.2,83.2,83.4756143489117,99.9,0.545390905651239,12.1378973553454,221.015332981271,231.84081162085,268.398275672758,10.9605528609628,79.3878071744559,83.4756143489117,0.174397563236108,43.8130278239912,0.367333626261802,1.49002279917967,0.006816864751711,0.00132751942160859,0.00531007768643437,0,0,0.796557280947963,0.00132751942160859,3.03576608295941e-18,40.3380411103688,7755.01792855284,7167.61917185272,489.490103217938,57.5706123718088,1,1,1,0,1,1,1,1,ok
custom_inlet_fixed_total_flow,ambient50RH_fixed_total_flow,initial_noegr_12,ok,,12,684,1.8,high,0.25,0,25,0.5,0.230092198318883,0.760085992131562,0.00982180954955525,0.00702961,326.2,0.006816864751711,316.327830705847,1.72865744111322,-0.314540133757509,1,1,83.2,83.2,83.6745570931511,99.9,0.527431801087912,10.298435195058,220.705691966518,231.694982363536,268.417125951217,10.9693590683904,79.4872785465756,83.6745570931511,0.164677584202795,41.3711260913471,0.433777007249402,1.41411730735572,0.006816864751711,0.00164863546435917,0.00494590639307751,0,0,0.803116591669841,0.00164863546435917,4.33680868994202e-18,41.6308126198086,7951.56236889389,7360.95147691339,490.38534039593,58.5947389647573,1,1,1,0,1,1,1,1,ok
custom_inlet_fixed_total_flow,ambient50RH_fixed_total_flow,initial_noegr_12,ok,,12,684,1.8,high,0.3,0,25,0.5,0.230092198318883,0.760085992131562,0.00982180954955525,0.00702961,326.2,0.006816864751711,316.327830705847,1.72865744111322,-0.399818172651362,2,1,83.2,83.9494632092048,83.9494632092048,99.9,0.502596384465628,8.2071438617505,220.402320626505,231.494439778922,268.443091835044,10.9795845082782,79.6247316046024,83.9494632092048,0.153934130338176,38.6721018942082,0.500770910819773,1.32883926846186,0.006816864751711,0.00196569068031681,0.00458661158740589,0,0,0.787158866093454,0.00196569068031681,5.63785129692462e-18,43.4967769421509,8223.36116840817,7628.10482106473,491.622410454314,60.1371599469745,1,1,1,0,1,1,1,1,ok
custom_inlet_fixed_total_flow,ambient50RH_fixed_total_flow,initial_noegr_13,ok,,13,722,1.9,high,0,0,25,0.5,0.230092198318883,0.760085992131562,0.00982180954955525,0.00742182,344.4,0.00719348227047775,333.804281692703,1.72815361476621,0,1,1,83.4,83.4,83.3540795740459,94.7,0.56646938792356,17.2863976331967,218.505908291977,232.315273842224,268.052105014509,10.4172540420345,79.4770397870229,83.3540795740459,0.20622436550273,51.8293386599737,0.09929830447239,1.72815361476621,0.00719348227047776,0,0.0072265313807165,0,0,0,0,3.90312782094782e-18,33.074050834239,7942.35363070703,7359.56640908263,490.293225787003,59.4199450031657,1,1,1,0,1,1,1,1,ok
custom_inlet_fixed_total_flow,ambient50RH_fixed_total_flow,initial_noegr_13,ok,,13,722,1.9,high,0.05,0,25,0.5,0.230092198318883,0.760085992131562,0.00982180954955525,0.00742182,344.4,0.00719348227047775,333.804281692703,1.72815361476621,-0.0524293655459112,1,1,83.4,83.4,83.4090648083908,94.7,0.561653120084805,16.1189865011783,218.154147150414,232.112757581646,268.079759739446,10.5897033590839,79.5045324041954,83.4090648083908,0.19901150644794,50.0165668580284,0.16816452441811,1.6757242492203,0.00719348227047776,0.000358874796065047,0.0068186211252359,0,0,0.775297946373978,0.000358874796065047,3.03576608295941e-18,33.416193048423,7997.99115678033,7414.59258320691,490.540657972987,59.4417225520127,1,1,1,0,1,1,1,1,ok
custom_inlet_fixed_total_flow,ambient50RH_fixed_total_flow,initial_noegr_13,ok,,13,722,1.9,high,0.1,0,25,0.5,0.230092198318883,0.760085992131562,0.00982180954955525,0.00742182,344.4,0.00719348227047775,333.804281692703,1.72815361476621,-0.109382806425164,1,1,83.4,83.4,83.4815041488692,94.7,0.555298460628362,14.8299462207211,217.804503203089,231.899583943737,268.108928227147,10.764360137574,79.5407520744346,83.4815041488692,0.191315869874435,48.0824609961925,0.236555439340068,1.61877080834105,0.00719348227047775,0.000712874151223735,0.00641586736101362,0,0,0.780207151979206,0.000712874151223735,4.33680868994202e-18,33.8553783006054,8071.40018282116,7487.08586937227,490.866633248398,59.5923018998863,1,1,1,0,1,1,1,1,ok
custom_inlet_fixed_total_flow,ambient50RH_fixed_total_flow,initial_noegr_13,ok,,13,722,1.9,high,0.15,0,25,0.5,0.230092198318883,0.760085992131562,0.00982180954955525,0.00742182,344.4,0.00719348227047775,333.804281692703,1.72815361476621,-0.171688991646094,1,1,83.4,83.4,83.5945507328728,94.7,0.54538567646128,13.3966624950374,217.459190026095,231.747263739674,268.129807156762,10.8455018673189,79.5972753664364,83.5945507328728,0.183044311583799,46.0036116087984,0.304660573461979,1.55646462312012,0.00719348227047776,0.00106210527631343,0.0060185965657761,0,0,0.785717094555294,0.00106210527631343,2.60208521396521e-18,34.2747302570439,8185.91266551929,7600.21687598449,491.375341199007,60.0457180787546,1,1,1,0,1,1,1,1,ok
custom_inlet_fixed_total_flow,ambient50RH_fixed_total_flow,initial_noegr_13,ok,,13,722,1.9,high,0.2,0,25,0.5,0.230092198318883,0.760085992131562,0.00982180954955525,0.00742182,344.4,0.00719348227047775,333.804281692703,1.72815361476621,-0.240380123997943,1,1,83.4,83.4,83.7526819706956,94.7,0.531480633731203,11.7930250610487,217.118031846967,231.63105406345,268.145757405863,10.8539017073009,79.6763409853478,83.7526819706956,0.174081990249636,43.7511561994898,0.372688222446481,1.48777349076827,0.00719348227047776,0.0014066632986871,0.0056266531947484,0,0,0.79190322896275,0.0014066632986871,8.23993651088983e-18,35.1615722534077,8346.54371913715,7758.46593831829,492.086928221841,60.8292803436114,1,1,1,0,1,1,1,1,ok
custom_inlet_fixed_total_flow,ambient50RH_fixed_total_flow,initial_noegr_13,ok,,13,722,1.9,high,0.25,0,25,0.5,0.230092198318883,0.760085992131562,0.00982180954955525,0.00742182,344.4,0.00719348227047775,333.804281692703,1.72815361476621,-0.316755673259171,2,1,83.4,83.9590313011365,83.9590313011365,94.7,0.513323525156163,9.9863923750583,216.781044315274,231.480450126159,268.166455103573,10.8632195067765,79.7795156505683,83.9590313011365,0.164285979647405,41.2891738348842,0.440850039068588,1.41139794150704,0.00719348227047775,0.00174661839556954,0.00523985518670863,0,0,0.781366420887704,0.00174661839556954,2.38524477946811e-18,36.3503886355429,8556.29463739601,7964.96899278373,493.01549545356,61.9597605231733,1,1,1,0,1,1,1,1,ok
custom_inlet_fixed_total_flow,ambient50RH_fixed_total_flow,initial_noegr_13,ok,,13,722,1.9,high,0.3,0,25,0.5,0.230092198318883,0.760085992131562,0.00982180954955525,0.00742182,344.4,0.00719348227047775,333.804281692703,1.72815361476621,-0.40252734674664,2,1,83.4,84.2448486086678,84.2448486086678,94.7,0.488155017949405,7.93305124685915,216.451012124376,231.272887873352,268.195030176741,10.8740539187983,79.9224243043339,84.2448486086678,0.153467116127136,38.5701229606525,0.509634038218245,1.32562626801957,0.00719348227047776,0.00208216010420202,0.00485837357647138,0,0,0.780464362380114,0.00208216010420202,5.63785129692462e-18,38.0762382920201,8847.04123264848,8250.99915512847,494.301666434052,63.6641727939351,1,1,1,0,1,1,1,1,ok
