case_id,source_dataset,status,message,current_A,current_density_A_cm2,egr_fraction,V_exp,V_sim,err_V,stack_in_flow_SLPM,stack_in_flow_kg_s,fresh_supply_flow_SLPM,stack_in_p_kPa_g,stack_out_p_kPa_g,cathode_dp_kPa,stack_in_T_C,stack_in_RH,pO2_stack_kPa,pCa_stack_kPa_abs,pCa_out_boundary_kPa_abs,pH2_stack_kPa,pAn_stack_kPa_abs,T_stack_C,xO2_stack,RH_stack,pO2_in_kPa,xO2_in,RH_in,lambda_m,lambda_ca,lambda_an,mMem_kg_s,N_drag_mol_s,N_diff_mol_s,J_drag_mol_m2_s,J_diff_mol_m2_s,J_net_mol_m2_s,mDrag_kg_s,mDiff_kg_s,mMem_raw_kg_s,mMem_limit_delta_kg_s,mCaOut_kg_s,mIn_kg_s,mIn_error_kg_s,lambdaO2,phaseCa_kg_s,phaseAn_kg_s,condensedCa_kg,condensedAn_kg,psatCa_next_kPa,psatAn_next_kPa,mV_ca_preclip_kg,mV_an_preclip_kg,resO2_kg_s,resN2_kg_s,resH2Oca_kg_s,resH2_kg_s,resH2Oan_kg_s,maxGasRes_kg_s,Qnet_W,Qgen_W,Qcool_W,Qamb_W,Qgas_W,E_Nernst_V,etaAct_V,etaOhm_V,etaCon_V
initial_noegr_01,initial_noegr_steady_xlsx,ok,,38,0.1,0,0.80165625,0.803533874478287,0.0018776244782871,49.7,0.001071035,49.7,40,32.5,7.5,58.9,0.8,20.28398977849,137.050499174265,133.825,129.370343402944,147.317008152902,58.8709661840708,0.14800376431098,1,26.4313536258226,0.187025321958766,0.8,13.6081972865554,14.0094661550742,13.2069284180367,-2.06233848805616e-05,0.00767167304833036,0.00881642392142732,0.0126178833031749,0.0145006972391897,-0.00188284838881085,0.000138207338034125,0.000158830345543211,-2.06230075090862e-05,-3.77371475434723e-10,0.00104129076491676,0.001071035,0,4.59262356283096,1.54723013181245e-05,0,3.09446026362491e-07,0,18.9256258990194,18.9256258990194,9.91150462049008e-05,1.75677576459418e-05,-3.25260651745651e-19,-3.25260651745651e-18,3.21872519956634e-19,1.35525271560688e-20,3.72694496791892e-20,3.25260651745651e-18,-10.5061841110427,273.883404317201,-20.3856709105544,304.838737681373,-0.0634783425748536,1.19284026798033,0.380830503175272,0.0084758903267746,0
initial_noegr_02,initial_noegr_steady_xlsx,ok,,76,0.2,0,0.7726375,0.780471512611966,0.00783401261196648,71.8,0.00154729,71.8,54.9,44.6,10.3,61.2,0.6,20.0460675581897,150.667768661397,145.925,143.167776789705,164.956322650671,63.3090082302656,0.133048147830742,1,30.0794278903335,0.192539144761296,0.6,13.3345851936722,14.0007745324633,12.6683958548812,-2.17975579535349e-05,0.0149014988172196,0.0161116069243843,0.024509044107269,0.0264993534940532,-0.00199004659567342,0.000268454673611879,0.000290255109992722,-2.18004363808429e-05,2.87842730800934e-09,0.00152263873603388,0.00154729,2.16840434497101e-19,3.38039965979346,1.55695330809242e-05,0,3.11390661618483e-07,0,23.2066334216321,23.2066334216321,0.000119868883744705,2.10471926851746e-05,-1.89735380184963e-19,1.30104260698261e-18,1.0842021724855e-19,-6.7762635780344e-20,2.37169225231204e-20,1.30104260698261e-18,75.2816302871772,575.810640663849,148.871925584837,344.780772945869,6.87631184596535,1.19035963765281,0.393422041919971,0.0164660831208719,0
initial_noegr_03,initial_noegr_steady_xlsx,ok,,114,0.3,0,0.75044375,0.755117627902987,0.00467387790298712,90.2,0.00194381,90.2,60,46.1,13.9,62.3,0.6,18.7939228136745,153.24268092863,147.425,155.435740240104,178.234765552906,64.7337344545878,0.122641568913999,1,31.0111539826871,0.192227825710133,0.6,13.0748739327353,14.0038213540843,12.1459265113864,-2.56899983201971e-05,0.0217307428255991,0.02315697835586,0.0357413533315775,0.038087135453717,-0.00234541382153652,0.000391485416611159,0.000417179449034757,-2.56940324235974e-05,4.03410340028831e-09,0.00189561329261697,0.00194381,0,2.82817392094889,4.1576892815337e-05,0,8.3153785630674e-07,0,24.7443977268179,24.7443977268179,0.000127773854716985,2.19304268939307e-05,5.42101086242752e-20,2.16840434497101e-18,7.86046575051991e-19,-4.74338450462408e-20,2.37169225231204e-20,2.16840434497101e-18,86.6122610118322,909.961446704952,455.866613514519,357.603263642246,9.87930853635463,1.18997636667233,0.410041777197173,0.0248169615721705,0
initial_noegr_04,initial_noegr_steady_xlsx,ok,,152,0.4,0,0.73384375,0.733439470783161,-0.000404279216839276,96.6,0.00208173,96.6,70.1,56.2,13.9,63.8,0.6,17.6568027362979,163.453789599158,157.525,163.818811067969,188.056261791734,66.4755752897118,0.108023208147074,1,32.9310350900372,0.192101706810776,0.6,12.8501555159441,14.0036498437668,11.6966611881214,-2.8158628606653e-05,0.0282652607120095,0.029828591804235,0.0464889156447525,0.0490601838885444,-0.00257079178855512,0.000509206585999851,0.000537370433358999,-2.8163847359148e-05,5.2187524950516e-09,0.00199000210016418,0.00208173,0,2.27067124418183,8.89940807091585e-05,0,1.77988161418317e-06,0,26.7410737256607,26.7410737256607,0.000138261848521636,2.31944801109527e-05,9.75781955236954e-19,0,-8.80914265144472e-19,-1.35525271560688e-20,1.25360876193636e-19,9.75781955236954e-19,95.0501656685729,1266.00320705535,786.243561600027,373.279797406743,11.4296823800102,1.18884522847376,0.42235047395739,0.0330552837332062,0
initial_noegr_05,initial_noegr_steady_xlsx,ok,,228,0.6,0,0.7102375,0.704701533556923,-0.00553596644307719,120.4,0.00259462,120.4,90,73.5,16.5,68.6,0.6,16.3743602888605,181.901324739495,174.825,179.788411184346,209.228992578196,71.3787324897434,0.090017817694899,1,36.3920985308738,0.190210890008487,0.6,12.5243194703762,14.0076930653514,11.0409458754009,-2.82861355316314e-05,0.0408753750978766,0.0424458538737055,0.0672292353583496,0.0698122596606999,-0.00258243275872798,0.000736381327493274,0.000764673942373889,-2.82926148806157e-05,6.4793489843064e-09,0.00244463626198633,0.00259462,0,1.87472879435769,0.000159829821005398,0,3.19659642010795e-06,0,33.1089059592032,33.1089059592032,0.000169774043648327,2.77727590475116e-05,-6.50521303491303e-19,8.23993651088983e-18,-2.16840434497101e-19,-9.48676900924816e-20,4.06575814682064e-20,8.23993651088983e-18,98.2547128446463,2003.84080558435,1473.61154593947,417.408199388839,14.5663474113951,1.18546808830802,0.432461622029358,0.0483049327217386,0
initial_noegr_06,initial_noegr_steady_xlsx,ok,,266,0.7,0,0.701175,0.693621610960594,-0.00755338903940639,133.1,0.002868305,133.1,100,82,18,72.2,0.6,15.7652914111119,191.032661236343,183.325,185.371126564254,219.258835932979,74.548834748873,0.0825266805638401,1,37.8671467033016,0.188089639653802,0.6,12.4358041005651,14.0125574808432,10.859050720287,-1.59680890830136e-05,0.0472100949462112,0.0480967097186802,0.077648182477321,0.0791064304583557,-0.00145783492750884,0.000850503079282579,0.000866475692660746,-1.59726133781667e-05,4.52429515308454e-09,0.00269721362451398,0.002868305,0,1.76354485331628,0.000199606551249561,0,3.99213102499123e-06,0,37.8720923584514,37.8720923584514,0.000192796866542728,3.16764912146926e-05,-5.42101086242752e-20,-7.37257477290143e-18,-8.40256683676266e-19,-6.7762635780344e-20,1.6940658945086e-19,7.37257477290143e-18,82.9138992416282,2384.97042375171,1842.61124926839,445.93918108426,13.5060941574317,1.18275322714466,0.434227022827068,0.0549045933569935,0
initial_noegr_07,initial_noegr_steady_xlsx,ok,,342,0.9,0,0.68263125,0.676555679116396,-0.00607557088360433,163.1,0.003514805,163.1,120,98.9,21.1,74.2,0.6,16.3492099961984,209.409417940886,200.225,201.472292415725,237.61423514532,76.4065005340002,0.0780729451280629,1,41.6763080204541,0.188303662127885,0.6,12.1511809779085,14.0177160497732,10.2846459060438,-6.07178976864853e-06,0.0587406431653627,0.0590778883377231,0.0966128999430308,0.0971675795028341,-0.000554334783029408,0.0010582291340041,0.00106430470021282,-6.07556620872026e-06,3.77644007172924e-09,0.00327871312987384,0.003514805,0,1.68204890782541,0.000287208729062365,0,5.74417458124729e-06,0,40.9222016825339,40.9222016825339,0.000208670516673494,3.36040947792884e-05,1.62630325872826e-19,5.20417042793042e-18,4.33680868994202e-19,4.74338450462408e-20,-2.5410988417629e-19,5.20417042793042e-18,77.303065610266,3159.77532387508,2604.44950929726,462.658195593739,15.3645533738203,1.18264149114795,0.43513901175491,0.0709468002766455,0
initial_noegr_08,initial_noegr_steady_xlsx,ok,,418,1.1,0,0.6660375,0.667137681113575,0.00110018111357468,199.4,0.00429707,199.4,140,114.9,25.1,74.5,0.6,17.9914073770176,227.526945716064,216.225,220.698196498257,258.235105700783,77.8548766099198,0.0790737436412015,1,45.8068104950464,0.18981378015144,0.6,11.8712211981706,14.018960480873,9.72348191546822,-8.51231035210087e-06,0.069471930045521,0.0699449101758811,0.114263042838028,0.115040970684015,-0.0007771464250089,0.00125155627191047,0.00126007714139335,-8.52086948287303e-06,8.55913077215099e-09,0.0040188185643051,0.00429707,8.67361737988404e-19,1.69125213787844,0.000339647830178,0,6.79295660355999e-06,0,43.4411898606723,43.4411898606723,0.000221321646342527,3.47570933279092e-05,-1.62630325872826e-19,1.73472347597681e-18,5.42101086242752e-19,1.35525271560688e-20,-2.87991202066462e-20,1.73472347597681e-18,152.06798524718,3924.93518871241,3268.55084764703,475.693281217337,28.6230746008678,1.18359032618735,0.42890107623483,0.0875515688389458,0
initial_noegr_09,initial_noegr_steady_xlsx,ok,,494,1.3,0,0.646875,0.650326201586347,0.0034512015863466,235.1,0.005066405,235.1,150,119.9,30.1,74.3,0.5,18.9218964431531,234.987262882822,221.225,231.263839323646,268.512572553177,78.2649871693764,0.080523072659426,1,48.7267192617257,0.193879316668559,0.5,11.5813763099792,14.0132252195504,9.14952740040794,-9.6367759619435e-06,0.0793011172684727,0.079836241269179,0.130429469191567,0.131309607350623,-0.000879806501132531,0.00142863183190437,0.00143827224061182,-9.64040870744383e-06,3.6327455003296e-09,0.00479952159121163,0.005066405,0,1.71049060577994,0.000339843428458586,0,6.79686856917171e-06,0,44.1776422079547,44.1776422079547,0.000224707827873676,3.4450007339331e-05,-9.21571846612679e-19,4.33680868994202e-19,1.0842021724855e-19,5.42101086242752e-20,2.64274279543342e-19,9.21571846612679e-19,58.0594540943126,4771.43770266152,4193.61148950735,479.384652286572,40.3821067732864,1.18444342482869,0.428356114476366,0.105761108765973,0
initial_noegr_10,initial_noegr_steady_xlsx,ok,,570,1.5,0,0.62398125,0.625813066408232,0.00183181640823182,271.6,0.00585298,271.6,149.9,112.5,37.4,75.1,0.45,18.4416308801323,230.204324616594,213.825,231.140421140856,268.422851306336,78.9078829271309,0.0801098368192991,1,48.9778782815089,0.194956227610743,0.45,11.3245136495374,14.0132134393592,8.63581385971571,-1.27700152097394e-05,0.0886745318233578,0.0893836640816284,0.145846269446312,0.147012605397415,-0.00116586111843407,0.0015974965196667,0.00161027173585648,-1.27752161897775e-05,5.20098003816829e-09,0.00561065148627027,0.00585298,-8.67361737988404e-19,1.71867575115705,0.00032486269795353,0,6.4972539590706e-06,0,45.353188237907,45.353188237907,0.000229798202489738,3.44182060688697e-05,-3.79470760369927e-19,-6.50521303491303e-18,7.58941520739853e-19,1.62630325872826e-19,-2.01593841446523e-19,6.50521303491303e-18,71.4343363897258,5729.06483435693,5127.1293238874,485.170660606833,45.330513472972,1.18385433441389,0.433899518854905,0.12414174915075,0
initial_noegr_11,initial_noegr_steady_xlsx,ok,,646,1.7,0,0.60195,0.600308102711502,-0.00164189728849828,308.8,0.00665464,308.8,150.1,104.4,45.7,75.1,0.4,18.089541920119,224.829871307989,205.725,231.887539885198,268.228540032777,78.9397373652082,0.0804588012032375,1,49.4257515280079,0.196582485942161,0.4,11.068104889855,14.0124232893855,8.12378649032458,-1.08361118491048e-05,0.0973406910758971,0.0979423242257368,0.160099820848515,0.161089349055488,-0.000989301991609122,0.00175361980512579,0.00176445839477743,-1.08385896516443e-05,2.47780253956097e-09,0.00644782038002828,0.00665464,0,1.73337940168276,0.000303985749436399,0,6.07971498872798e-06,0,45.4121101893356,45.4121101893356,0.000229650542786221,3.35460661764081e-05,9.75781955236954e-19,7.37257477290143e-18,-6.50521303491303e-19,1.42301535138722e-19,-4.06575814682064e-20,7.37257477290143e-18,30.8077537566341,6756.55945037392,6187.78019058136,485.457513055859,52.5139929800644,1.1838907048532,0.439480245687712,0.14410235645399,0
initial_noegr_12,initial_noegr_steady_xlsx,ok,,684,1.8,0,0.59018125,0.586653147908834,-0.00352810209116572,326.2,0.00702961,326.2,149.9,99.9,50,75.3,0.4,17.6600232977987,221.565547428202,201.225,232.160899504533,268.356992600482,79.1588075074341,0.0797056379152153,1,49.356603895015,0.196463743238193,0.4,10.9553586854268,14.0143251963834,7.89639217447022,-1.04591840831437e-05,0.101610422282357,0.102191172472867,0.167122405069667,0.168077586304058,-0.000954889704734392,0.00183054020833491,0.001841002585627,-1.04623772920922e-05,3.19320894853815e-09,0.00683400332805001,0.00702961,0,1.72865744111322,0.000299503425510406,0,5.99006851020813e-06,0,45.8190712998484,45.8190712998484,0.00023142416363414,3.33915275177155e-05,1.62630325872826e-19,-7.80625564189563e-18,3.79470760369927e-19,-7.45388993583784e-20,-3.3881317890172e-21,7.80625564189563e-18,37.5455891564287,7303.44394928572,6722.53584459371,487.42911738455,55.9333981510275,1.18362213791187,0.443069340794848,0.153899649208187,0
initial_noegr_13,initial_noegr_steady_xlsx,ok,,722,1.9,0,0.57885625,0.573111816134405,-0.00574443386559509,344.4,0.00742182,344.4,150,94.7,55.3,75.6,0.4,17.2164522857189,217.738496767551,196.025,231.960887114794,268.100533082817,79.4393019608513,0.0790693999513487,1,49.3363220535735,0.196304872390624,0.4,10.8479442064919,14.0162222970067,7.67966611597718,-1.12152040207779e-05,0.105799253878077,0.106421955125654,0.174011930720522,0.175036110404036,-0.00102391188173043,0.00190600318240465,0.00191722131973609,-1.12181373314461e-05,2.93331066815095e-09,0.00724828951353211,0.00742182,0,1.72815361476621,0.000283022993008968,0,5.66045986017937e-06,0,46.3445994161606,46.3445994161606,0.000233498806272091,3.33129316077134e-05,-2.16840434497101e-19,0,-1.02999206386123e-18,-1.35525271560688e-20,2.71050543121376e-20,1.02999206386123e-18,32.6108752793685,7865.62030001535,7284.03455487166,489.953587204161,59.0212826601649,1.18326702013853,0.446467566762702,0.16368763724142,0
cegr0608_001,cegr_0608_txt,ok,,38,0.1,0,0.798,0.798161340872448,0.000161340872448124,57.2,0.00123266,49.9,39.68,32.99,6.69,50.12,0.556,22.3608957819527,138.098256870129,134.315,134.832393819155,146.80034137218,50.4469350456109,0.161920188485662,1,28.0745614716699,0.19910330464643,0.563266663659657,13.5407174652808,13.9880443392505,13.0933905913111,-9.28171980691365e-06,0.00761693337180047,0.00813229909808153,0.0125278509404613,0.0133754919376341,-0.000847391021651011,0.00013722118743433,0.000146505645295686,-9.28445786135671e-06,2.73805444305939e-09,0.00121580489074787,0.00123266,2.16840434497101e-19,5.50288888229954,1.39400970031429e-05,0,2.78801940062858e-07,0,12.6259909459205,12.6259909459205,6.79116836728486e-05,1.20202463449922e-05,-4.60785923306339e-19,-7.58941520739853e-19,8.45338881359792e-19,-2.71050543121376e-20,-3.55753837846806e-20,8.45338881359792e-19,119.385903914293,277.149904749552,-72.108166144592,229.021937866883,0.850229112967744,1.20142677194969,0.393854635275318,0.00941079580192399,0
cegr0608_002,cegr_0608_txt,ok,,38,0.1,0.0536594306,0.794,0.798667917571067,0.00466791757106699,56.2,0.00121111,44.7,39.76,32.84,6.92,51.72,0.512,21.8557562543559,137.922833264566,134.165,133.988421690194,146.877193431806,51.989208854476,0.1584636549079,1,27.8488247518691,0.197390401189843,0.523972255657347,13.4669583060093,13.9005248264768,13.0333917855417,-1.09688117403162e-05,0.00755729026744553,0.00816628698417163,0.0124297537293512,0.0134313930660718,-0.00100141706281639,0.000136146700209306,0.000147117946580208,-1.09712463709013e-05,2.43463058509374e-09,0.00119953589804459,0.00121111,0,5.36203090119047,6.96965954957387e-06,0,1.39393190991477e-07,0,13.6216032349347,13.6216032349347,7.27593021170141e-05,1.28836903488133e-05,2.43945488809238e-19,1.30104260698261e-18,2.21922632180627e-19,-2.37169225231204e-20,3.89635155736978e-20,1.30104260698261e-18,98.3174046937206,276.841906116791,-65.0693718955166,242.902486420665,0.691386897922138,1.19984392087781,0.391885442603338,0.00929056070340524,0
cegr0608_003,cegr_0608_txt,ok,,38,0.1,0.2858217391,0.787,0.795272535887244,0.00827253588724364,59.8,0.00128869,33.6,40.08,32.59,7.49,52.78,0.5004,20.7247155481926,137.949266295359,133.915,133.380294706516,146.933221053811,52.9972874770958,0.150234329654349,1,26.4925740648778,0.187352456171124,0.53547932305189,13.5192095608486,13.948664131579,13.0897549901183,-1.21987116124781e-05,0.0075995211210859,0.00827676731516304,0.0124992123702071,0.0136131041367813,-0.00111370294634666,0.000136907500862276,0.00014910828067751,-1.2200779815234e-05,2.06820275597607e-09,0.00128104114634585,0.00128869,0,5.43010952645466,1.8123064875631e-06,0,3.6246129751262e-08,0,14.3080743863263,14.3080743863263,7.60801207021469e-05,1.35057093037391e-05,-4.06575814682064e-19,-3.03576608295941e-18,-7.08119543904595e-19,1.18584612615602e-19,-3.72694496791892e-20,3.03576608295941e-18,79.3925872332275,278.906298180556,-53.0570659421744,251.975269723513,0.595507165989273,1.19854488978382,0.394130315219346,0.00914203867722591,0
cegr0608_004,cegr_0608_txt,ok,,38,0.1,0.3707279438,0.782,0.789866890353683,0.00786689035368304,56.9,0.001226195,27.2,39.51,32.52,6.99,52.91,0.5565,19.636336377657,137.645589005799,133.845,133.286809284214,146.94188462379,53.1281374830495,0.142658667956513,1,25.4105222835115,0.18042760878696,0.577042010362345,13.5712907221997,14.0022003733018,13.1403810710976,-1.23889107615199e-05,0.00764171379857836,0.00832951903513149,0.012568608221346,0.0136998668340978,-0.00113106751396738,0.000137667613761253,0.000150058617683224,-1.23910039219709e-05,2.09316045094098e-09,0.00121316272703136,0.001226195,0,4.98909989227588,7.00557710474187e-06,0,1.40111542094837e-07,0,14.399312927609,14.399312927609,7.66382054145552e-05,1.36020452904678e-05,-1.02999206386123e-18,-2.05998412772246e-18,-2.15146368602592e-19,-7.79270311473956e-20,-1.6940658945086e-21,2.05998412772246e-18,79.8058543916681,282.192930664961,-51.3326327265161,253.152918124028,0.566790875780197,1.19803473226463,0.399076773760864,0.00909106815008716,0
cegr0608_005,cegr_0608_txt,ok,,38,0.1,0.4680959866,0.777,0.786132512833151,0.0091325128331512,59.8,0.00128869,22.7,39.6,32.43,7.17,53.12,0.616,18.8488341823579,137.744296335847,133.755,133.160537759627,146.953607032116,53.3347944467782,0.136839307933309,1,24.2929041397073,0.172381792724551,0.619123406758072,13.5735244213583,14.0032481368467,13.1438007058699,-1.2646279065151e-05,0.0076435256094994,0.00834561939737416,0.0125715881735188,0.0137263476930496,-0.0011545644083244,0.000137700254042302,0.000150348670217127,-1.26484161748243e-05,2.1371096733304e-09,0.0012743014319503,0.00128869,2.16840434497101e-19,5.02395212970512,8.1043503605945e-06,0,1.6208700721189e-07,0,14.5444236579711,14.5444236579711,7.73821897971277e-05,1.37308065455672e-05,-2.43945488809238e-19,1.30104260698261e-18,7.18283939271647e-19,-1.05032085459533e-19,-6.7762635780344e-21,1.30104260698261e-18,78.6537757689186,284.463432197444,-49.7889147719083,255.0128354059,0.585735794533261,1.19756181626437,0.402362135769565,0.00906716766165217,0
cegr0608_006,cegr_0608_txt,ok,,38,0.1,0.5478621762,0.768,0.777077271285147,0.00907727128514713,57.9,0.001247745,17.4,39.51,32.27,7.24,53.16,0.68,17.2633819793331,137.412431385563,133.595,133.126593736593,146.956764846034,53.3889060034261,0.125631879192168,1,22.689207826272,0.161104894566493,0.679658634572937,13.5766225353642,14.0061473287445,13.1470977419839,-1.27156419585562e-05,0.00764603887143281,0.00835199129409828,0.0125757218280145,0.0137368277863459,-0.00116089701632486,0.000137745531159746,0.000150463461720743,-1.27179305609968e-05,2.28860244057478e-09,0.00122715055188242,0.001247745,0,4.56376183955335,1.42414758085061e-05,0,2.84829516170122e-07,0,14.5826258129316,14.5826258129316,7.76949274746299e-05,1.37654594167979e-05,4.60785923306339e-19,-1.84314369322536e-18,-3.65918233213858e-19,2.03287907341032e-20,1.01643953670516e-20,1.84314369322536e-18,83.9993452191959,289.969019058631,-50.1317162177708,255.499818033454,0.601572023751453,1.19688795679696,0.410751519279208,0.00905916623260216,0
cegr0608_007,cegr_0608_txt,ok,,38,0.1,0.6205626263,0.75,0.768703843152997,0.0187038431529968,59.4,0.00128007,13.5,39.44,32.11,7.33,53.31,0.732,15.8674525702258,137.340758004557,133.435,133.029709414765,146.965781773261,53.5451688943082,0.115533457079794,1,21.0714341612408,0.149692282607472,0.715012783759297,13.5800245618472,14.0087368306013,13.151312293093,-1.29136147613313e-05,0.00764879907832701,0.00836574545279129,0.0125802616419852,0.0137594497578804,-0.00117897129340848,0.000137795257059803,0.000150711246740762,-1.29159896809588e-05,2.37491962751879e-09,0.00125740111528168,0.00128007,0,4.36396240217973,1.61182024936757e-05,0,3.22364049873514e-07,0,14.6934278754208,14.6934278754208,7.82833336270642e-05,1.38642305216903e-05,0,-3.68628738645072e-18,-1.35525271560688e-20,2.37169225231204e-20,-2.03287907341032e-20,3.68628738645072e-18,86.4853233727973,295.060063362978,-48.9644508005358,256.906174107481,0.633016683235716,1.19615236837158,0.418408544496799,0.00903998072178671,0
cegr0608_008,cegr_0608_txt,ok,,38,0.1,0,0.793,0.796798186926376,0.00379818692637601,45.8,0.00098699,40.3,40.72,34.6,6.12,52.69,0.492,21.2131692105589,138.956811474434,135.925,133.490949032315,146.922984246464,52.9109065211725,0.152660160991545,1,28.3505012668005,0.199588167600412,0.476768539626556,13.3087324288916,13.7295698636605,12.8878949941226,-1.19739883039972e-05,0.00743001649302929,0.00809478999873886,0.012220421863535,0.013313799340031,-0.00109318643454455,0.000133853827526541,0.00014582990836848,-1.19760808419396e-05,2.09253794240958e-09,0.000972127907282414,0.00098699,0,4.41298123051766,9.25059441976009e-06,0,1.85011888395202e-07,0,14.2481144921189,14.2481144921189,7.5930275791051e-05,1.33887853978189e-05,-2.43945488809238e-19,3.25260651745651e-19,2.87991202066462e-20,1.21972744404619e-19,-5.0821976835258e-21,3.25260651745651e-19,80.7681001246318,277.978702348763,-54.4493241739556,251.197835618152,0.462090779935559,1.19875593884587,0.392654397458329,0.00930335446116817,0
cegr0608_009,cegr_0608_txt,ok,,38,0.1,0.05314808853,0.791,0.798026388508836,0.00702638850883597,49.7,0.001071035,39.7,41.36,34.68,6.68,52.69,0.492,21.4188945127137,139.317330422094,136.005,133.461634117002,146.9256987178,52.9361682002926,0.15374178106787,1,28.1755201957962,0.197466588609849,0.49213625625599,13.3593808200948,13.7822611930807,12.936500447109,-1.20336392111496e-05,0.00747065749010212,0.00813875555192294,0.0122872656087206,0.0133861111051364,-0.00109863236958739,0.000134585986468287,0.000146621960119446,-1.20359736511594e-05,2.33444000977006e-09,0.00105836721036239,0.001071035,0,4.74145506387631,6.9977372071597e-06,0,1.39954744143194e-07,0,14.2656271763815,14.2656271763815,7.59724437399079e-05,1.34196719594024e-05,3.79470760369927e-19,1.51788304147971e-18,2.98155597433514e-19,-7.45388993583784e-20,1.01643953670516e-20,1.51788304147971e-18,89.9658398844256,277.231955786628,-64.7185608978095,251.425153939274,0.559522860737604,1.19880898893978,0.391519046966142,0.00926355346480307,0
cegr0608_010,cegr_0608_txt,ok,,38,0.1,0.1952558824,0.79,0.79950153204612,0.0095015320461197,61.2,0.00131886,39.9,40.96,33.08,7.88,53.22,0.504,21.5014993047091,138.54641443544,134.405,133.293857479024,146.941220296822,53.4408417575559,0.155193473554152,0.98535691218675,27.3026122997666,0.191886792703142,0.523183623417155,12.8904978258105,13.2903837816296,12.4906118699915,-1.23733064292215e-05,0.00709800267909558,0.0077848266701347,0.0116743465116704,0.0128039912337742,-0.00112964288885871,0.000127872505704657,0.000140245832213944,-1.23733265092871e-05,2.00800656060851e-11,0.00131284563885483,0.00131886,2.16840434497101e-19,5.68722635068308,0,0,0,0,14.6193725694288,14.6193725694288,7.64566240605912e-05,1.35813463870331e-05,-8.40256683676266e-19,-3.03576608295941e-18,2.64274279543342e-19,-1.35525271560688e-20,-3.72694496791892e-20,3.03576608295941e-18,80.6964304493386,276.335068515959,-60.9486513487,255.967253032281,0.620036383039509,1.19841284150063,0.389351169924757,0.00956013952974982,0
cegr0608_011,cegr_0608_txt,ok,,38,0.1,0.2190877358,0.789,0.799948080342854,0.0109480803428543,63.6,0.00137058,39.9,41.2,32.84,8.36,53.34,0.504,21.5015178087259,138.468766062705,134.165,133.169524286505,146.9527606902,53.55496700539,0.155280634182795,0.988149172949882,27.1508958713484,0.190499181696884,0.552265208398251,13.0766091922732,13.4837128252049,12.6695055593415,-1.26266666232169e-05,0.00724495695639941,0.00794584462458756,0.0119160476256569,0.0130688233957032,-0.00115277385575943,0.000130519928157483,0.00014314661574844,-1.26266875909566e-05,2.09677397125329e-11,0.00136431210375869,0.00137058,0,5.87529710076975,0,0,0,0,14.7003993939559,14.7003993939559,7.70713075171701e-05,1.37117712134439e-05,1.62630325872826e-19,1.51788304147971e-18,-7.65717784317888e-19,-7.45388993583784e-20,2.03287907341032e-20,1.51788304147971e-18,78.5384848722623,276.063567151545,-60.096135977241,256.994388894571,0.626829361952335,1.19830755000163,0.388955018725013,0.00940445093376207,0
cegr0608_012,cegr_0608_txt,ok,,38,0.1,0.2303416667,0.788,0.800376979886505,0.0123769798865045,64.8,0.00139644,39.9,41.29,32.75,8.54,53.59,0.512,21.4873939862436,138.459396530936,134.075,133.023052525645,146.966385427611,53.7935650072427,0.155189135043231,0.987196014889318,27.0495838336114,0.189668575070024,0.569076044260386,13.0780945333955,13.4839131734136,12.6722758933775,-1.29257963920801e-05,0.00724613487971294,0.00796362671295278,0.0119179849995279,0.0130980702515671,-0.00118008343692718,0.000130541148775795,0.000143466965049324,-1.2925816273529e-05,1.98814488957128e-11,0.00138987264463167,0.00139644,2.16840434497101e-19,5.96579750428057,0,0,0,0,14.8710412997899,14.8710412997899,7.78339010309635e-05,1.38609147680658e-05,2.16840434497101e-19,-4.11996825544492e-18,3.01543729222531e-19,-1.15196480826585e-19,-2.37169225231204e-20,4.11996825544492e-18,74.370248327396,275.802796229005,-58.3138105237504,259.141787584191,0.604570841168947,1.19808410703954,0.388330394880223,0.00937673227281265,0
cegr0608_013,cegr_0608_txt,ok,,38,0.1,0,0.791,0.786934779425017,-0.00406522057498337,34,0.0007327,29.9,40.56,36.21,4.35,52.12,0.496,19.5525405834405,139.680100857109,137.535,133.802952118905,146.894228334757,52.4080510669718,0.139980859574568,1,28.2878672693793,0.199371795957144,0.500354407349446,13.2542966232842,13.6758461143708,12.8327471321975,-1.13428429077403e-05,0.00738644095535142,0.0080162123582165,0.0121487515713017,0.0131845597996982,-0.00103556489960594,0.000133068802014123,0.000144414310172731,-1.13455081586073e-05,2.66525086699999e-09,0.000705940108595979,0.0007327,0,3.27375340139622,2.17825960390857e-05,0,4.35651920781713e-07,0,13.9033175031422,13.9033175031422,7.44620842250939e-05,1.30692792253206e-05,4.20128341838133e-19,1.73472347597681e-18,-2.71050543121376e-20,-2.03287907341032e-20,3.3881317890172e-21,1.73472347597681e-18,105.525870483665,283.97565410959,-68.6636133258395,246.672037499264,0.441359452500085,1.19861961429122,0.402285078113678,0.00939975675252944,0
cegr0608_014,cegr_0608_txt,ok,,38,0.1,0.1489428571,0.785,0.780565164820898,-0.00443483517910215,34.3,0.000739165,24.5,41.04,36.45,4.59,51.66,0.524,18.5141797353266,139.925633597703,137.775,134.038984785071,146.872567080232,51.97758002476,0.13231442487912,1,27.1357830517761,0.190607122900826,0.535244844306206,13.3030901154093,13.729475020477,12.8767052103417,-1.08673570700043e-05,0.00742549482368448,0.00802888462016023,0.0122129849073758,0.0132054023357899,-0.000992154579298751,0.000133772368387227,0.00014464260451988,-1.08702361326537e-05,2.87906264936603e-09,0.000710496130134907,0.000739165,0,3.16363895655805,2.41683184895009e-05,0,4.83366369790017e-07,0,13.6138519235092,13.6138519235092,7.30645471829788e-05,1.28289814982152e-05,1.21972744404619e-19,4.22838847269347e-18,4.57397791517322e-19,2.71050543121376e-20,-6.09863722023096e-20,4.22838847269347e-18,116.440381811081,287.848379788894,-71.8792403567893,242.797754461313,0.489483873289985,1.19863625170484,0.408659102955806,0.00941198392813457,0
cegr0608_015,cegr_0608_txt,ok,,20,0.05,0.4261,0.812,0.797019090575255,-0.0149809094247449,28.4,0.00061202,16.3,32.22,28.95,3.27,48.69,0.82,18.1773471177877,132.068362320952,130.275,134.519290967976,145.790185220595,48.7367935863214,0.137635894004752,1,23.0192207222268,0.172370517220613,0.819542250780126,13.7569295688618,14.0052972110403,13.5085619266833,-4.2899505232742e-06,0.00410153286064788,0.00433967270920564,0.00674594220501297,0.00713761958750928,-0.000391658618485964,7.38902629137726e-05,7.81804189646982e-05,-4.29015605092558e-06,2.05527651379189e-10,0.000591523695487696,0.00061202,1.0842021724855e-19,4.5455913842212,1.95518970413302e-05,0,3.91037940826604e-07,0,11.5955830897699,11.5955830897699,6.28343962186819e-05,1.13802894140737e-05,-5.89534931288993e-19,5.14996031930615e-18,4.2351647362715e-19,-6.94567016748526e-20,-1.27054942088145e-20,5.14996031930615e-18,17.4260258832394,146.233891015918,-84.8824735414936,213.631072572789,0.0592661013836124,1.20115582648803,0.399162776802913,0.00497395910985792,0
cegr0608_016,cegr_0608_txt,ok,,20,0.05,0,0.818,0.81202830532883,-0.00597169467117009,26.4,0.00056892,26.4,33.59,29.25,4.34,49.56,0.828,20.7640154256528,132.215545093509,130.575,134.067493248665,145.810899681543,49.5574409559626,0.157046702874216,1,26.008086832642,0.192773871197732,0.89150880496586,13.7621109932876,14.0073245458065,13.5168974407686,-4.74460298572036e-06,0.00410376350328901,0.00436712842289269,0.0067496110251464,0.00718277701133666,-0.000433166918958623,7.39304485655324e-05,7.86750413343702e-05,-4.74459276883775e-06,-1.02168826089671e-11,0.00054575291131862,0.00056892,0,4.72685031486584,2.1765953102314e-05,0,4.35319062046279e-07,0,12.0806602851965,12.0806602851965,6.53254291377898e-05,1.18272343683607e-05,7.3861273000575e-19,-4.33680868994202e-18,3.93023287525995e-19,3.89635155736978e-20,0,4.33680868994202e-18,-0.83086693584331,141.430942294774,-78.7522302476908,221.016971927131,-0.00293244882241428,1.20131255477407,0.384361811855745,0.00492243758949929,0
