case_id,source_dataset,status,message,current_A,current_density_A_cm2,egr_fraction,V_exp,V_sim,err_V,stack_in_flow_SLPM,fresh_supply_flow_SLPM,stack_in_p_kPa_g,stack_out_p_kPa_g,cathode_dp_kPa,stack_in_T_C,stack_in_RH,pO2_stack_kPa,pCa_stack_kPa_abs,pCa_out_boundary_kPa_abs,pH2_stack_kPa,pAn_stack_kPa_abs,T_stack_C,xO2_stack,RH_stack,pO2_in_kPa,xO2_in,RH_in,lambda_m,lambda_ca,lambda_an,mMem_kg_s,N_drag_mol_s,N_diff_mol_s,J_drag_mol_m2_s,J_diff_mol_m2_s,J_net_mol_m2_s,mDrag_kg_s,mDiff_kg_s,mMem_raw_kg_s,mMem_limit_delta_kg_s,aCa_raw,aAn_raw,aCa_limited,aAn_limited,a_memb,a_memb_target_raw,a_memb_target,J_diff_ca_to_mem_mol_m2_s,J_diff_mem_to_an_mol_m2_s,dm_lambda_equiv_kg,k_mem_eff,tau_memb_s,membrane_dynamic_mode,mCaOut_kg_s,mIn_kg_s,lambdaO2,phaseCa_kg_s,phaseAn_kg_s,condensedCa_kg,condensedAn_kg,psatCa_next_kPa,psatAn_next_kPa,mV_ca_preclip_kg,mV_an_preclip_kg,resO2_kg_s,resN2_kg_s,resH2Oca_kg_s,resH2_kg_s,resH2Oan_kg_s,maxGasRes_kg_s,Qnet_W,Qgen_W,Qcool_W,Qamb_W,Qgas_W,E_Nernst_V,etaAct_V,etaOhm_V,etaCon_V
initial_noegr_01,initial_noegr_steady_xlsx,ok,,38,0.1,0,0.80165625,0.792021934747599,-0.00963431525240066,49.7,49.7,40,32.5,7.5,58.9,0.8,15.9737480150084,135.207493792886,133.825,134.62703853768,153.240844016324,61.2639830709746,0.118142475442059,1,26.4313536258226,0.187025321958766,0.8,11.4846664669978,14.003,9.40257973547701,-1.8789720852222e-05,0.00602885052484478,0.02688861051994,0.00991587257375787,0.0442246883551645,-0.00171544078907033,0.000108611430283226,0.000484405847327665,-0.000375794417044439,0,1,0.8804349294321,1,0.8804349294321,0.940279160670696,0.94021746471605,0.94021746471605,0.0242092046525077,0.0200154837026568,-2.38011831187215e-08,0.05,10,1,0.000337166369406051,0.000256859087218257,1.10141787736705,1.84973716104971e-05,0,1.84973716104971e-06,0,21.1416307851661,21.1416307851661,2.92459721441948e-05,1.80904276261394e-05,-1.35525271560688e-20,-8.13151629364128e-20,-3.3881317890172e-20,1.6940658945086e-20,-3.3881317890172e-21,8.13151629364128e-20,234.880343657919,280.88266367346,-281.346508148129,326.371150031898,0.977678131771284,1.19213395119811,0.266119569416058,0.00750867776618146,0.126483769268266
initial_noegr_02,initial_noegr_steady_xlsx,ok,,76,0.2,0,0.7726375,0.769509013773353,-0.00312848622664696,71.8,71.8,54.9,44.6,10.3,61.2,0.6,14.298184695758,146.690154800988,145.925,150.400629503,170.607869765703,63.2474858638409,0.097472013136506,1,30.0794278903335,0.192539144761296,0.6,11.3450565272222,14.003,9.17802618064609,-1.58310789137905e-05,0.0118532365538634,0.0294284048707483,0.0194954548583279,0.0484019816953097,-0.00144532634184909,0.000213539375424084,0.000530160953699894,-0.00031662157827581,0,1,0.873181548516587,1,0.873181548516587,0.936617722691112,0.936590774258293,0.936590774258293,0.0266633014257034,0.0217386802696063,-1.02741376497884e-08,0.05,10,1,0.000573181618253742,0.00045956871262587,1.00403022045784,5.16770360229058e-05,0,5.16770360229058e-06,0,23.1421007223933,23.1421007223933,3.49794120442809e-05,1.9523260734473e-05,0,-2.71050543121376e-19,-2.71050543121376e-20,-1.01643953670516e-20,3.3881317890172e-21,2.71050543121376e-19,204.246850566512,589.141039251603,39.3187369108289,344.223287837557,1.35216393670458,1.19144933937428,0.280436165149945,0.0150203911827124,0.126483769268266
initial_noegr_03,initial_noegr_steady_xlsx,ok,,114,0.3,0,0.75044375,0.755003846719607,0.00456009671960722,90.2,90.2,60,46.1,13.9,62.3,0.6,16.9188448197522,158.161737176143,147.425,164.291706239127,185.207218273481,64.7655499713295,0.106971794327916,1,31.0111539826871,0.192227825710133,0.6,10.8058749797637,14.003,8.33327503657332,-1.72038033334851e-05,0.0166154392323704,0.0357145632354223,0.0273280250532407,0.0587410579529973,-0.00157065164498783,0.000299331790094137,0.000643407856763839,-0.000344076066669702,0,1,0.844058504401138,1,0.844058504401138,0.922052969381109,0.922029252200569,0.922029252200569,0.0331237418584013,0.025617316094596,-8.62168446058503e-09,0.05,10,1,0.00174315164081424,0.00194381,2.82817392094889,4.86007743498301e-05,0,4.86007743498301e-06,0,24.7797004610454,24.7797004610454,3.66379414355004e-05,2.01167775809193e-05,0,1.62630325872826e-19,-4.06575814682064e-20,1.35525271560688e-20,3.3881317890172e-21,1.62630325872826e-19,242.443549705755,910.168983583437,305.149369792422,357.885100870971,4.69096321428802,1.19492557649851,0.29089335304011,0.0225446074705318,0.126483769268266
initial_noegr_04,initial_noegr_steady_xlsx,ok,,152,0.4,0,0.73384375,0.740430158911506,0.00658640891150597,96.6,96.6,70.1,56.2,13.9,63.8,0.6,15.6698425046077,167.205648548131,157.525,174.139074814224,196.210816451444,66.6088074648976,0.0937159877113666,1,32.9310350900372,0.192101706810776,0.6,10.388740587015,14.003,7.71470043146997,-1.81915596694365e-05,0.0209819546344018,0.0411776548060745,0.034509793806582,0.0677264059310435,-0.00166083060622308,0.000377995787686047,0.000741826981074777,-0.000363831193388731,0,1,0.820533537523222,1,0.820533537523222,0.910284144406189,0.910266768761611,0.910266768761611,0.0389263897936625,0.028800016137381,-6.07330718246753e-09,0.05,10,1,0.00188354836744955,0.00208173,2.27067124418183,7.67302843376335e-05,0,7.67302843376335e-06,0,26.8992592565267,26.8992592565267,4.1981899209274e-05,2.11136817300487e-05,0,-4.33680868994202e-19,5.42101086242752e-20,-1.35525271560688e-20,2.71050543121376e-20,4.33680868994202e-19,276.68561122381,1249.00185352722,592.049020274425,374.473733471854,5.7934885571292,1.19396973847733,0.296979908145018,0.0300759021525394,0.126483769268266
initial_noegr_05,initial_noegr_steady_xlsx,ok,,228,0.6,0,0.7102375,0.712562710769541,0.00232521076954106,120.4,120.4,90,73.5,16.5,68.6,0.6,14.3202301790018,185.31287192149,174.825,191.696372456395,218.731839265851,71.7753808948389,0.0772759605445473,1,36.3920985308738,0.190210890008487,0.6,10.0845911733592,14.003,7.28466558149596,-1.68649652211913e-05,0.0302151965072489,0.0489381530432464,0.0496960468869225,0.0804903832948131,-0.00153971682039453,0.00054433522533311,0.000881634529756936,-0.000337299304423826,0,1,0.802818087762707,1,0.802818087762707,0.901399841894987,0.901409043881354,0.901409043881354,0.0469453005336286,0.0335450827611845,3.12101432040822e-09,0.05,10,1,0.00237270350299054,0.00259462,1.87472879435769,0.000116653000525775,0,1.16653000525775e-05,0,33.6756914331434,33.6756914331434,5.39738553688187e-05,2.5474566987268e-05,6.09863722023096e-20,3.25260651745651e-19,-8.13151629364128e-20,-6.7762635780344e-21,-6.7762635780344e-21,3.25260651745651e-19,313.129282793125,1975.16323111271,1232.83670346216,420.972165467894,8.22507938953348,1.19078861565308,0.306603097227268,0.0451390383880015,0.126483769268266
initial_noegr_06,initial_noegr_steady_xlsx,ok,,266,0.7,0,0.701175,0.696661316473279,-0.00451368352672077,133.1,133.1,100,82,18,72.2,0.6,11.2693089724383,188.059831153167,183.325,194.868715751422,227.085802876246,75.1373901831603,0.0599240619505817,1,37.8671467033016,0.188089639653802,0.6,10.5519619220106,14.003,7.95626421417338,-8.65774375060364e-06,0.0375156344888038,0.0471271906240442,0.0617033461986905,0.0775118266842832,-0.000790424024279634,0.000675854659693458,0.000849009534705531,-0.000173154875012073,0,1,0.829973030827086,1,0.829973030827086,0.914944384038844,0.914986515413543,0.914986515413543,0.0442381269591738,0.0332736997251094,1.49580541485348e-08,0.05,10,1,0.00206195878630996,0.00205004760402205,1.26044855799033,0.00015488785474661,0,1.5488785474661e-05,0,38.8170095024444,38.8170095024444,6.37858961111255e-05,3.00639894957828e-05,-2.03287907341032e-20,6.50521303491303e-19,1.0842021724855e-19,0,-2.37169225231204e-20,6.50521303491303e-19,295.096895032276,2372.03343708972,1619.10996866816,451.230609710542,6.59596367874319,1.18528591723292,0.309503332839841,0.052637498651531,0.126483769268266
initial_noegr_07,initial_noegr_steady_xlsx,ok,,342,0.9,0,0.68263125,0.674634094689579,-0.007997155310421,163.1,163.1,120,98.9,21.1,74.2,0.6,10.9279733236746,205.007137897209,200.225,209.584908966319,244.978057450248,77.3397677015204,0.0533053309058631,1,41.6763080204541,0.188303662127885,0.6,10.5893945204277,14.003,8.01389965185503,-2.58426658920633e-07,0.0484706899041293,0.048757587092428,0.0797215294475812,0.0801933998230723,-2.3593518774559e-05,0.000873213050416063,0.000878381583594476,-5.16853317841267e-06,0,1,0.832175601607159,1,0.832175601607159,0.916002977284717,0.91608780080358,0.916087800803579,0.0457078047033164,0.034485595119756,3.02217889883582e-08,0.05,10,1,0.00252982280795235,0.00251378924673117,1.20300171900501,0.000201536380977346,0,2.01536380977346e-05,0,42.5308142337225,42.5308142337225,7.27390379617885e-05,3.28202545438136e-05,1.35525271560688e-20,-5.42101086242752e-19,-8.13151629364128e-20,2.03287907341032e-20,3.37224992125618e-20,5.42101086242752e-19,317.207445909559,3170.29023385862,2373.45649752711,471.051565164766,8.57472525718958,1.18432634804521,0.315529882258043,0.06767860182932,0.126483769268266
initial_noegr_08,initial_noegr_steady_xlsx,ok,,418,1.1,0,0.6660375,0.656779172672568,-0.00925832732743148,199.4,199.4,140,114.9,25.1,74.5,0.6,14.632668459306,232.01365662319,216.225,230.45940858517,266.855330636226,78.6618905032166,0.0630681343170705,1,45.8068104950464,0.189813780151441,0.6,10.2127669949191,14.003,7.46966088669371,1.60130691495605e-06,0.0563617323869051,0.0545840115688484,0.0927002177416203,0.0897763348171849,0.00014619414622177,0.00101537239023516,0.000983346251936044,3.2026138299121e-05,0,1,0.810591131131648,1,0.810591131131648,0.905176555685141,0.905295565565824,0.905295565565824,0.0520825907545898,0.0376937440625951,4.08859465374518e-08,0.05,10,1,0.00391751177055765,0.00429707,1.69125213787844,0.00020764822661338,0,2.0764822661338e-05,0,44.9003257401588,44.9003257401588,7.60712754919225e-05,3.36232974866036e-05,-4.06575814682064e-20,-1.0842021724855e-19,1.0842021724855e-19,2.03287907341032e-20,2.75285707857648e-20,1.0842021724855e-19,359.18287602704,3994.21289316586,3134.5959436175,482.949830871429,17.4842426498892,1.18809093315613,0.322067436635834,0.082760554579459,0.126483769268266
initial_noegr_09,initial_noegr_steady_xlsx,ok,,494,1.3,0,0.646875,0.634876827712588,-0.0119981722874117,235.1,235.1,150,119.9,30.1,74.3,0.5,6.6233691190578,222.257401250354,221.225,241.50418081922,278.616074200853,79.7256738912261,0.0298004434578857,1,48.7267192617257,0.193879316668559,0.5,9.89172248347551,14.003,7.02602559584177,3.82940022385854e-06,0.0637609825778812,0.0595097023048479,0.104870037134673,0.0978777998434998,0.000349611864558657,0.00114867195421565,0.00107208394973848,7.65880044771708e-05,0,1,0.791528116592071,1,0.791528116592071,0.895623571794553,0.895764058296036,0.895764058296036,0.0576758311774278,0.0402019686660721,4.67147806464239e-08,0.05,10,1,0.00288911746675842,0.00268123650663712,0.90522369539684,0.000282993383972671,0,2.82993383972671e-05,0,46.8863433255138,46.8863433255138,8.58779873089736e-05,3.41813712892004e-05,-5.42101086242752e-20,5.42101086242752e-19,-2.84603070277445e-19,0,-1.77876918923403e-20,5.42101086242752e-19,387.08120483997,4893.5495537597,3996.93032775559,492.523323396938,17.014697767207,1.1812471708503,0.32203341399535,0.0978531598740913,0.126483769268266
initial_noegr_10,initial_noegr_steady_xlsx,ok,,570,1.5,0,0.62398125,0.616857813973505,-0.00712343602649479,271.6,271.6,149.9,112.5,37.4,75.1,0.45,5.85070270351796,217.57664663567,213.825,243.477897188215,279.785044772318,79.7997861175023,0.026890306445962,1,48.9778782815088,0.194956227610743,0.45,9.57649645684014,14.003,6.60682688901623,6.5052655667623e-06,0.0703983640680402,0.0631764218425935,0.115786783006645,0.103908588556897,0.000593909722487396,0.00126824624022768,0.00113814092889244,0.000130105311335246,0,1,0.772042710532773,1,0.772042710532773,0.8859278929496,0.886021355266386,0.886021355266386,0.0621878001650324,0.0417207883918648,3.00509852576157e-08,0.05,10,1,0.00332497770155093,0.00304605932965157,0.894448350491177,0.000294139685102407,0,2.94139685102407e-05,0,47.0274064004898,47.0274064004898,8.71537228428707e-05,3.34331500897337e-05,0,-1.0842021724855e-18,1.35525271560688e-19,6.7762635780344e-21,5.59041745187838e-20,1.0842021724855e-18,229.774003168216,5810.73673656163,5070.81472654561,493.193479577457,16.9545272703446,1.18119232091686,0.324892616281634,0.112958121393451,0.126483769268266
initial_noegr_11,initial_noegr_steady_xlsx,ok,,646,1.7,0,0.60195,0.598458052462352,-0.00349194753764825,308.8,308.8,150.1,104.4,45.7,75.1,0.4,4.75441504421428,212.553817655461,205.725,244.903266960464,281.115332963296,80.2431622934598,0.0223680529319918,1,49.4257515280079,0.196582485942161,0.4,9.3288899735201,14.003,6.29293030149551,9.52880053349529e-06,0.0770043269540664,0.0664257508414606,0.126651853542872,0.109252879673455,0.000869948693470875,0.00138725451128905,0.00119667850061915,0.000190576010669906,0,1,0.756329393346347,1,0.756329393346347,0.878075126277786,0.878164696673173,0.878164696673173,0.0662328617343822,0.0430200179390728,2.8015659984672e-08,0.05,10,1,0.00370743255499748,0.00332942277156561,0.86723742407183,0.00029511843601693,0,2.9511843601693e-05,0,47.8787658398253,47.8787658398253,8.82231348552998e-05,3.33037587231205e-05,5.42101086242752e-20,-4.33680868994202e-19,-5.42101086242752e-20,-3.3881317890172e-20,5.9292306307801e-20,4.33680868994202e-19,206.969000349979,6775.68156974913,6050.83195820468,497.184321261131,20.6962899333462,1.18010750139237,0.327097016803069,0.128068662858682,0.126483769268266
initial_noegr_12,initial_noegr_steady_xlsx,ok,,684,1.8,0,0.59018125,0.59469728745348,0.00451603745347984,326.2,326.2,149.9,99.9,50,75.3,0.4,14.7768104822378,238.746956628773,201.225,246.309062255031,281.700549309727,79.9653244955435,0.0618931888845571,1,49.356603895015,0.196463743238193,0.4,9.19407558248455,14.003,6.12640550790698,1.12156725107827e-05,0.0799480073727018,0.0674967187879197,0.131493433178786,0.11101434011171,0.0010239546533538,0.00144028573826129,0.00121597228804563,0.000224313450215654,0,1,0.747539629799466,1,0.747539629799466,0.873706207146191,0.873769814899733,0.873769814899733,0.0677779681807266,0.0432363719309833,1.95890784850455e-08,0.05,10,1,0.00642092270441646,0.00702961,1.72865744111322,0.00019618094415995,0,1.9618094415995e-05,0,47.3437723417651,47.3437723417651,7.77190293698958e-05,3.25746933373229e-05,-2.16840434497101e-19,-4.33680868994202e-19,2.71050543121376e-20,-1.35525271560688e-20,4.57397791517322e-20,4.33680868994202e-19,92.1971548570637,7215.40888610912,6596.43399343043,494.686076516794,32.0916613048291,1.19101456347157,0.334204327616393,0.135629179133429,0.126483769268266
initial_noegr_13,initial_noegr_steady_xlsx,ok,,722,1.9,0,0.57885625,0.586051760063181,0.00719551006318064,344.4,344.4,150,94.7,55.3,75.6,0.4,15.1163591072597,237.471591187244,196.025,246.720737932077,282.196127496312,80.23467470339,0.0636554420328141,1,49.3363220535735,0.196304872390624,0.4,9.09761123868179,14.003,6.01010958273203,1.2924148839038e-05,0.083199436139,0.0688514506077865,0.136841177860197,0.113242517447017,0.00117993302065901,0.0014988611378862,0.00124037816110544,0.000258482976780761,0,1,0.741193384181844,1,0.741193384181844,0.870537876320152,0.870596692090922,0.870596692090922,0.0694990852355326,0.0437434322114846,1.79096116492426e-08,0.05,10,1,0.00684017436650924,0.00742182,1.72815361476621,0.00019074747921568,0,1.9074747921568e-05,0,47.8623477963243,47.8623477963243,7.77673162086274e-05,3.26270307513333e-05,2.71050543121376e-20,1.0842021724855e-19,-1.62630325872826e-19,-1.35525271560688e-20,3.55753837846806e-20,1.62630325872826e-19,79.5269151660631,7716.13806775014,7105.54392500502,497.110481792206,33.9567457868523,1.19146722325391,0.335744138785882,0.143187555136584,0.126483769268266
cegr0608_001,cegr_0608_txt,ok,,38,0.1,0,0.798,0.794099869692057,-0.00390013030794334,57.2,49.9,39.68,32.99,6.69,50.12,0.556,15.1496651627865,134.346923044881,134.315,136.525838170194,152.356979674642,59.0105759721661,0.112765255946542,1,28.0934740544391,0.199237431682842,0.556,10.5296310223196,11.4682827551595,9.26427880182819,-6.23483534540327e-06,0.00534373747412779,0.0122654565319534,0.0087890418982365,0.0201734482433445,-0.000569220317255399,9.6268926842905e-05,0.00022096563375097,-0.000124696706908065,0,0.939851709754332,0.875989726399959,0.939851709754332,0.875989726399959,0.914311079406919,0.907920718077146,0.907920718077146,0.00859156451255498,0.0115818837307895,-2.26424148769977e-06,0.05,10,1,0.000171739472120917,0,0,1.82654250757456e-05,0,1.82654250757456e-06,0,19.0492368600691,19.0492368600691,2.6678827434149e-05,1.54903858723412e-05,0,1.0842021724855e-19,0,-3.3881317890172e-21,-1.35525271560688e-20,1.0842021724855e-19,883.864386589985,279.61927922723,-912.400510885103,306.077506461763,2.0778970605847,1.19342377846222,0.265324378533305,0.00751576096859057,0.126483769268266
cegr0608_002,cegr_0608_txt,ok,,38,0.1,0.0536594306,0.794,0.793292464780879,-0.000707535219121369,56.2,44.7,39.76,32.84,6.92,51.72,0.512,14.8381834899761,134.346103342592,134.165,136.243780422496,152.438177934121,59.7107079957691,0.110447442246521,1,27.6688981688862,0.19611509493487,0.539574682153565,10.3294414007595,11.1175755801411,9.14999768788948,-5.32732758079527e-06,0.00520435378194571,0.0111185861233751,0.00855979240451598,0.0182871482292353,-0.000486367791235966,9.3757890600811e-05,0.000200304442216716,-0.000106546551615905,0,0.93055716355205,0.872262931179814,0.93055716355205,0.872262931179814,0.908572821229808,0.901410047365932,0.901410047365932,0.00732511105132631,0.010962037177909,-2.48951409501048e-06,0.05,10,1,0.000169863808031508,0,0,1.60802612132802e-05,0,1.60802612132802e-06,0,19.6795610378267,19.6795610378267,2.72286500387e-05,1.58124932544075e-05,0,8.13151629364128e-20,-6.7762635780344e-21,-1.01643953670516e-20,-3.04931861011548e-20,8.13151629364128e-20,794.397231229798,280.110181413226,-828.523929059958,312.380484017297,1.85639522608908,1.19263751829786,0.265343568989224,0.00751771525948675,0.126483769268266
cegr0608_003,cegr_0608_txt,ok,,38,0.1,0.2858217391,0.787,0.79379290385436,0.00679290385436004,59.8,33.6,40.08,32.59,7.49,52.78,0.5004,15.0599196306701,134.137344422253,133.915,136.417081813232,152.386234284377,59.2905931210334,0.112272385408665,1,25.8514995929184,0.18281885076849,0.625348428647122,10.4224462314726,11.3080307714846,9.21900877956877,-5.79031350429024e-06,0.00526892699945626,0.0116971518222625,0.00866599835436884,0.0192387365497738,-0.00052863690977025,9.49211951947643e-05,0.000210727465280569,-0.000115806270085805,0,0.93563936803579,0.874519340298184,0.93563936803579,0.874519340298184,0.91125248433384,0.905079354166987,0.905079354166987,0.00815574356027649,0.0110829929894974,-2.16495574119174e-06,0.05,10,1,0.000179122696963797,0,0,1.65670309169766e-05,0,1.65670309169766e-06,0,19.2992391397866,19.2992391397866,2.6813941539775e-05,1.56122648263669e-05,-1.35525271560688e-20,1.0842021724855e-19,6.7762635780344e-21,0,5.0821976835258e-21,1.0842021724855e-19,647.497127214352,279.805914456549,-677.867056590214,308.602388146756,1.57345568565449,1.19314758893349,0.26535414217087,0.00751677363999327,0.126483769268266
cegr0608_004,cegr_0608_txt,ok,,38,0.1,0.3707279438,0.782,0.793714460772543,0.0117144607725428,56.9,27.2,39.51,32.52,6.99,52.91,0.5565,14.4181874311877,133.603721688741,133.845,136.103511898153,152.592044948085,59.216015591948,0.107917558350492,1,24.7228919476767,0.175545084302032,0.715856520144336,11.0728394200992,12.7136887349844,9.40950813798983,-1.14773408948095e-05,0.00572933036832521,0.0184711150031568,0.00942324073737699,0.0303801233604553,-0.00104784413115392,0.000103215490797882,0.000332762308694071,-0.000229546817896189,0,0.970797385581813,0.880655794223122,0.970797385581813,0.880655794223122,0.929351098357923,0.925726589902467,0.925726589902467,0.0150867070182165,0.0152934163422388,-1.3496578473116e-06,0.05,10,1,0.000164199685447748,0,0,2.09939202824874e-05,0,2.09939202824874e-06,0,19.2323840808259,19.2323840808259,2.71751078712011e-05,1.61236550688263e-05,2.71050543121376e-20,-5.42101086242752e-20,1.35525271560688e-20,6.7762635780344e-21,2.03287907341032e-20,5.42101086242752e-20,627.063604372246,279.853607850294,-656.57590996094,307.931599055444,1.43431438354398,1.19285330599799,0.265143753663799,0.00751132229338477,0.126483769268266
cegr0608_005,cegr_0608_txt,ok,,38,0.1,0.4680959866,0.777,0.793744127167931,0.0167441271679306,59.8,22.7,39.6,32.43,7.17,53.12,0.616,14.6648702351688,133.501867262089,133.755,135.917778040709,152.709888407685,59.2379188148857,0.109847678807211,1,23.9021997965762,0.169609365240916,0.793495953612189,11.3873812663616,13.4262969604903,9.47788824769234,-1.45253192107235e-05,0.00595753619145839,0.0220830909546633,0.0097985792622671,0.0363208732806963,-0.00132611470092146,0.000107326682599257,0.000397833066813727,-0.000290506384214471,0,0.987254402842746,0.882826470350311,0.987254402842746,0.882826470350311,0.937732316524696,0.935040436596529,0.935040436596529,0.0187557074110478,0.0175651658696485,-1.03003247912794e-06,0.05,10,1,0.000168270118278389,0,0,2.15890986844237e-05,0,2.15890986844237e-06,0,19.2519987440086,19.2519987440086,2.72585457644839e-05,1.6419432408352e-05,1.35525271560688e-20,-1.0842021724855e-19,-6.7762635780344e-21,1.35525271560688e-20,8.470329472543e-21,1.0842021724855e-19,608.51410418129,279.835570681898,-638.230354735758,308.129099051888,1.42272218447913,1.19295929376513,0.265222481874802,0.00750891545413437,0.126483769268266
cegr0608_006,cegr_0608_txt,ok,,38,0.1,0.5478621762,0.768,0.793526848042632,0.0255268480426319,57.9,17.4,39.51,32.27,7.24,53.16,0.68,14.182778613617,133.123740217791,133.595,135.725210915734,152.823268736123,59.3309155931263,0.106538312328169,1,22.945538577054,0.162924973032655,0.862164012552332,11.5620951082036,14.003,9.52420964123542,-1.71276529099768e-05,0.00608585633814303,0.0251004405244303,0.0100096321351037,0.0412836192836024,-0.00156369935742494,0.000109638405971421,0.000452191464170958,-0.000342553058199536,0,1,0.884287565128528,1,0.884287565128528,0.942291363598855,0.942143782564264,0.942143782564264,0.0224992420248491,0.0187843772587533,-5.73034051562324e-08,0.05,10,1,0.000156722716570136,0,0,2.31719055849057e-05,0,2.31719055849057e-06,0,19.3354686037423,19.3354686037423,2.75185986539568e-05,1.67139134924347e-05,-1.35525271560688e-20,-1.49077798716757e-19,3.04931861011548e-20,-6.7762635780344e-21,1.35525271560688e-20,1.49077798716757e-19,613.731310260426,279.96767639008,-644.094740536141,308.965965711932,1.36514095386341,1.19260187648854,0.265083606825851,0.00750765235179328,0.126483769268266
cegr0608_007,cegr_0608_txt,ok,,38,0.1,0.6205626263,0.75,0.793528002164016,0.0435280021640161,59.4,13.5,39.44,32.11,7.33,53.31,0.732,14.2617996005518,132.97605052537,133.435,135.716520754964,152.826513581339,59.346616465412,0.107250888744292,1,22.3040550840779,0.158448869279138,0.911716186445147,11.5614249920332,14.003,9.52329888046905,-1.71404715267609e-05,0.00608536203399661,0.0251141770474307,0.0100088191348629,0.0413062122490636,-0.00156486965571004,0.000109629500943819,0.000452438931479037,-0.000342809430535218,0,1,0.884258909400459,1,0.884258909400459,0.942274004384542,0.94212945470023,0.942129454700229,0.0225131571973363,0.0187930550517272,-5.61232511703769e-08,0.05,10,1,0.000157309349660943,0,0,2.30739188741395e-05,0,2.30739188741395e-06,0,19.349591389045,19.349591389045,2.75260163899724e-05,1.67247905519383e-05,1.35525271560688e-20,-9.48676900924816e-20,1.6940658945086e-20,-1.01643953670516e-20,0,9.48676900924816e-20,600.46431369068,279.966974684278,-630.944164173885,309.107538902434,1.33928626504962,1.19262926811668,0.265109835741343,0.00750766094305077,0.126483769268266
cegr0608_008,cegr_0608_txt,ok,,38,0.1,0,0.793,0.79320925692312,0.000209256923119905,45.8,40.3,40.72,34.6,6.12,52.69,0.492,13.078415925748,135.104914846119,135.925,135.886415346017,152.710018315029,59.3709942616904,0.0968019256786031,1,28.3055218462907,0.199271511466723,0.492,11.3088877700123,13.2573260012211,9.45319435080842,-1.39058479007666e-05,0.00590024914339705,0.0213380862469743,0.00970435714374514,0.0350955365904182,-0.00126955897233365,0.000106294640388058,0.000384411598403391,-0.000278116958015333,0,0.98342591819457,0.882044490190159,0.98342591819457,0.882044490190159,0.935662048113757,0.932735204192365,0.932735204192365,0.0179755832661942,0.017119953324224,-1.1124706451794e-06,0.05,10,1,0.000131344378622339,0,0,2.49596551144492e-05,0,2.49596551144492e-06,0,19.371536393593,19.371536393593,2.77413403550726e-05,1.64436426676603e-05,-1.35525271560688e-20,8.13151629364128e-20,6.7762635780344e-21,3.3881317890172e-21,-1.01643953670516e-20,8.13151629364128e-20,663.82244097949,280.160771790743,-694.282031806085,309.325671906394,1.29469071094468,1.19192017154727,0.264717607815176,0.00750953754070955,0.126483769268266
cegr0608_009,cegr_0608_txt,ok,,38,0.1,0.05314808853,0.791,0.792083619581136,0.00108361958113634,49.7,39.7,41.36,34.68,6.68,52.69,0.492,13.8022173348558,135.888091156475,136.005,135.63702662456,152.689843145652,60.6108016697639,0.101570470358308,1,27.9641767072732,0.195985399357138,0.510987330515241,10.4991483679574,11.5590856430963,9.14076658911587,-7.75864035125105e-06,0.00532241913699436,0.0139358188190987,0.00875397884374072,0.0229207546366755,-0.00070833878964674,9.58848710303118e-05,0.000251057678055333,-0.000155172807025021,0,0.942213396477835,0.871959727135226,0.942213396477835,0.871959727135226,0.913444419912583,0.90708656180653,0.90708656180653,0.0100460533417778,0.0128747012948977,-2.24620033669131e-06,0.05,10,1,0.000148956749418543,0,0,1.76441189648206e-05,0,1.76441189648206e-06,0,20.51592700248,20.51592700248,2.84018615774918e-05,1.66057647046054e-05,-1.35525271560688e-20,-1.35525271560688e-19,2.71050543121376e-20,-6.7762635780344e-21,-3.3881317890172e-21,1.35525271560688e-19,787.115505753456,280.845159294669,-828.432089772523,320.48147271776,1.68027059597666,1.19123379869035,0.265149967623698,0.00751644221725345,0.126483769268266
cegr0608_010,cegr_0608_txt,ok,,38,0.1,0.1952558824,0.79,0.79239788222105,0.00239788222104975,61.2,39.9,40.96,33.08,7.88,53.22,0.504,15.3215398587189,135.171080961967,134.405,135.922531119395,152.511284360159,60.6654490759282,0.113349244155486,1,26.7162947164729,0.187766066110081,0.602648707135963,9.948841686727,10.3929518194467,8.93617370361107,-3.11791623949764e-06,0.00494339755729397,0.0084048105794592,0.00813058808765455,0.0138237016109526,-0.000284655676164904,8.90566911459669e-05,0.00015141501593592,-6.23583247899529e-05,0,0.910405302718968,0.865153723913679,0.910405302718968,0.865153723913679,0.897346199739224,0.887779513316324,0.887779513316324,0.0042142628931492,0.00960943871780343,-3.20055358725572e-06,0.05,10,1,0.000185771847640218,0,0,1.01605925913387e-05,0,1.01605925913387e-06,0,20.5676643774708,20.5676643774708,2.77163119712211e-05,1.61512227000372e-05,1.35525271560688e-20,-2.71050543121376e-20,-1.35525271560688e-20,1.35525271560688e-20,5.0821976835258e-21,2.71050543121376e-20,740.482207221724,280.654087609602,-782.660223913411,320.97423203921,1.85787226207851,1.19204576589802,0.265642579387791,0.00752153502091579,0.126483769268266
cegr0608_011,cegr_0608_txt,ok,,38,0.1,0.2190877358,0.789,0.792446067391632,0.00344606739163167,63.6,39.9,41.2,32.84,8.36,53.34,0.504,15.5782251259352,135.114527679525,134.165,135.976009900137,152.478527568738,60.6778672554704,0.115296448083546,1,26.6146792149145,0.186736917838376,0.613842322408349,9.84439078078602,10.1753226941651,8.89371509521675,-2.27304229089305e-06,0.00487270718178764,0.00739616758972252,0.00801432102267704,0.0121647493252015,-0.000207521415126224,8.77831842379153e-05,0.000133244030055776,-4.54608458178611e-05,0,0.904078259698301,0.863720160307737,0.904078259698301,0.863720160307737,0.894188344199062,0.883899210003019,0.883899210003019,0.00314113600236852,0.00902361332283299,-3.40510365985761e-06,0.05,10,1,0.000193325783712202,0,0,8.59588219096291e-06,0,8.59588219096291e-07,0,20.5794367418745,20.5794367418745,2.75741296196494e-05,1.60666639107097e-05,1.35525271560688e-20,2.71050543121376e-20,-6.7762635780344e-21,1.01643953670516e-20,1.01643953670516e-20,2.71050543121376e-20,729.910035893084,280.624791025888,-772.258985071241,321.086207098515,1.88753310552979,1.19217631944844,0.265723918865784,0.0075225639227574,0.126483769268266
cegr0608_012,cegr_0608_txt,ok,,38,0.1,0.2303416667,0.788,0.792443003244411,0.00444300324441138,64.8,39.9,41.29,32.75,8.54,53.59,0.512,15.687942033035,135.073117804353,134.075,135.955985612716,152.487013374505,60.7041116602476,0.116144072840299,1,26.5409783101348,0.18610229155513,0.621279662244162,9.85207860993698,10.1955866164997,8.89530252428761,-2.36930807953897e-06,0.0048778965633259,0.00750822823681526,0.00802285618968075,0.0123490596000251,-0.000216310170517217,8.78766723993537e-05,0.000135262833990133,-4.73861615907795e-05,0,0.904673138277581,0.863773891819917,0.904673138277581,0.863773891819917,0.894421943662733,0.884223515048749,0.884223515048749,0.00326236464133938,0.00908669495868572,-3.37779929263519e-06,0.05,10,1,0.000196408064189291,0,0,8.2976381225293e-06,0,8.2976381225293e-07,0,20.6043351512966,20.6043351512966,2.75745237097327e-05,1.60931558250178e-05,2.71050543121376e-20,-1.35525271560688e-19,2.03287907341032e-20,1.01643953670516e-20,1.86347248395946e-20,1.35525271560688e-19,707.727837921301,280.626654027398,-750.277453083038,321.32285038547,1.85341880366537,1.19221060709374,0.26576133960395,0.00752249497711604,0.126483769268266
cegr0608_013,cegr_0608_txt,ok,,38,0.1,0,0.791,0.790795497112967,-0.000204502887032776,34,29.9,40.56,36.21,4.35,52.12,0.496,9.14940262025075,136.075052290103,137.535,135.04041792635,153.083702637245,60.5528726589198,0.0672379136826993,1,28.3003733219887,0.199459938132916,0.496,11.5173513832288,14.003,9.44652812169497,-1.81695129716313e-05,0.00605288763712001,0.0262241122549236,0.00995540729789476,0.043131763577177,-0.00165881781396411,0.000109044465591255,0.000472434725023881,-0.000363390259432625,0,1,0.881833022344223,1,0.881833022344223,0.9411301581074,0.940916511172111,0.940916511172111,0.0235292593343943,0.0196025042427828,-8.26471560953149e-08,0.05,10,1,8.94733852249525e-05,0,0,2.86515033917344e-05,0,2.86515033917344e-06,0,20.4612037165887,20.4612037165887,2.94361602353702e-05,1.75733171635599e-05,1.35525271560688e-20,-4.06575814682064e-20,3.3881317890172e-21,3.3881317890172e-21,1.01643953670516e-20,4.06575814682064e-20,837.33770386478,281.628337755316,-876.954044521758,319.959107176201,1.28557123609251,1.18815251242362,0.263364977749679,0.00750826829270623,0.126483769268266
cegr0608_014,cegr_0608_txt,ok,,38,0.1,0.1489428571,0.785,0.792043593920046,0.00704359392004628,34.3,24.5,41.04,36.45,4.59,51.66,0.524,11.4781741162946,142.378540551943,137.775,135.068310014389,153.073141377927,60.5043061328409,0.0806173042074911,1,28.0273513565076,0.196869675527747,0.533430478959561,11.5195381602717,14.003,9.44947435915838,-1.81278839241384e-05,0.00605449722829958,0.0261795065805144,0.00995805465180852,0.0430583989811092,-0.00165501721646503,0.000109073462827041,0.000471631141309809,-0.000362557678482768,0,1,0.881926503034924,1,0.881926503034924,0.941187010901331,0.940963251517462,0.940963251517462,0.0234837572430176,0.0195746417380915,-8.65748824975537e-08,0.05,10,1,0.000593211027783066,0.000739165,3.26450401427267,4.42517705281551e-06,0,4.42517705281551e-07,0,20.4154205643897,20.4154205643897,2.69579324035488e-05,1.7538417908323e-05,3.3881317890172e-20,-5.42101086242752e-20,-1.6940658945086e-20,-1.01643953670516e-20,2.03287907341032e-20,5.42101086242752e-20,872.945427025756,280.869494896612,-917.621811560542,319.521296287028,6.02458314437022,1.19098613781232,0.264950533893371,0.00750824073063552,0.126483769268266
cegr0608_015,cegr_0608_txt,ok,,20,0.05,0.4261,0.812,0.8095497815138,-0.00245021848619986,28.4,16.3,32.22,NaN,NaN,48.69,0.82,15.6413508448344,133.844328429441,129.625,124.782017212989,142.047020464247,58.7186082313252,0.116862261019002,0.978205322386498,25.4514047869356,0.190582985412674,0.820432302076875,11.9375631945087,14.003,10.0008645355353,-1.69161760957371e-05,0.00335020908516285,0.0221300183312441,0.0055102123111231,0.036398056465862,-0.00154439220773695,6.03549547277525e-05,0.000398678476642495,-0.000338323521914743,0,1,0.898906316561472,1,0.898906316561472,0.951869547201955,0.949453158280736,0.949453158280736,0.0187844429906121,0.0176136134752499,-9.67349590300459e-07,0.05,10,1,0.000506212967425976,0.00061202,5.01301434343279,0,0,0,0,18.7915081193001,18.7915081193001,2.40028223312455e-05,1.69082469000681e-05,-2.03287907341032e-20,1.0842021724855e-19,1.6940658945086e-20,-8.470329472543e-21,-2.37169225231204e-20,1.0842021724855e-19,989.735371706435,142.224069915584,-1156.68222699159,303.447679374493,5.72324582624162,1.19286957630446,0.252886093089113,0.00394993243328209,0.126483769268266
cegr0608_016,cegr_0608_txt,ok,,20,0.05,0,0.818,0.80993396218716,-0.00806603781284032,26.4,26.4,33.59,NaN,NaN,49.56,0.828,18.2466558916359,134.152884872366,129.925,124.755052984757,142.076675444671,58.8088778615989,0.136013891233095,0.971308191824296,26.1688416433795,0.193965397794015,0.828,11.785978864718,14.003,9.78263016484935,-1.80986942674198e-05,0.00329048450388957,0.0233830884128156,0.00541198109192363,0.0384590269947625,-0.00165235229514194,5.92789996732316e-05,0.000421252885021628,-0.000361973885348397,0,1,0.892304843991613,1,0.892304843991613,0.9480377231376,0.946152421995806,0.946152421995806,0.0202030814881713,0.0182559455065912,-7.45615148294689e-07,0.05,10,1,0.000507247726393745,0.00056892,4.74561816201301,0,0,0,0,18.8708726211127,18.8708726211127,2.39277340991008e-05,1.69590832139846e-05,6.7762635780344e-21,5.42101086242752e-20,0,-1.6940658945086e-21,-6.7762635780344e-21,5.42101086242752e-20,913.624692439487,142.101132100109,-1081.07541935415,304.261628260541,5.29023075422832,1.19389183943492,0.253523614795008,0.00395049318448701,0.126483769268266
